Date;Description;Distance (km);Time;Time (seconds);Speed (min/km);Best 200m (min/km);Best 400m (min/km);Best 1000m (min/km);Best 10000m (min/km);Best half Marathon (min/km);Best Marathon (min/km);Best 30 min (min/km);Best 1 h (min/km);Best 2 h (min/km);Best 3 h (min/km);Best 4 h (min/km);Best 5 h (min/km);Best vVO2max = 6 min (min/km)
mer. 10 août 2022 - 12:10;Course à pied le midi;6,80;45m 00s;2700;6'37;5'10;5'27;5'54;;;;6'20;;;;;;6'03
jeu. 28 juillet 2022 - 12:19;Course à pied le midi;7,78;53m 25s;3205;6'52;5'15;5'35;6'05;;;;6'39;;;;;;6'20
jeu. 21 juillet 2022 - 12:12;Reprise course à pied;7,03;47m 52s;2872;6'48;5'15;5'32;5'46;;;;6'19;;;;;;5'55
jeu. 19 mai 2022 - 12:11;Course à pied le midi;8,53;58m 03s;3483;6'48;5'10;5'25;5'40;;;;6'25;;;;;;5'48
ven. 29 avril 2022 - 12:01;Course à pied le midi;8,01;54m 41s;3281;6'49;4'45;4'55;5'26;;;;6'17;;;;;;5'45
jeu. 14 avril 2022 - 12:10;Course à pied le midi avec Colin;8,03;52m 39s;3159;6'33;5'15;5'22;5'45;;;;6'04;;;;;;5'57
jeu. 07 avril 2022 - 20:22;Run INSA by Night;4,66;01h 36m 04s;5764;20'37;3'15;4'20;4'59;;;;23'08;25'18;;;;;24'45
sam. 02 avril 2022 - 16:23;Course à pied l'après-midi;9,78;01h 08m 34s;4114;7'00;5'50;5'52;6'10;;;;6'42;6'56;;;;;6'15
jeu. 24 mars 2022 - 12:10;Course à pied le midi;7,37;49m 24s;2964;6'42;5'20;5'32;5'42;;;;6'14;;;;;;5'50
jeu. 17 mars 2022 - 12:15;Course à pied le midi avec Vincent et Colin;7,35;49m 48s;2988;6'46;5'15;5'35;5'47;;;;6'26;;;;;;5'56
jeu. 11 novembre 2021 - 10:58;Course à pied matinale;10,03;01h 06m 11s;3971;6'36;5'10;5'32;5'49;6'34;;;6'19;6'33;;;;;5'56
sam. 06 novembre 2021 - 15:14;Course à pied l'après-midi;6,01;36m 14s;2174;6'01;5'00;5'12;5'25;;;;6'00;;;;;;5'37
mer. 03 novembre 2021 - 12:13;CAP avec Fabio;8,00;50m 28s;3028;6'18;5'20;5'32;5'47;;;;6'03;;;;;;5'55
mer. 23 juin 2021 - 12:09;Course à pied le midi;5,98;35m 13s;2113;5'53;4'50;5'12;5'20;;;;5'53;;;;;;5'34
sam. 19 juin 2021 - 17:31;Course à pied l'après-midi;10,07;01h 03m 22s;3802;6'17;5'10;5'12;5'36;6'17;;;6'13;6'17;;;;;5'52
dim. 06 juin 2021 - 17:52;Course à pied l'après-midi;10,15;01h 08m 38s;4118;6'45;5'25;5'40;5'46;6'46;;;6'25;6'45;;;;;5'50
sam. 08 mai 2021 - 16:26;Course à pied l'après-midi;12,29;01h 24m 29s;5069;6'52;5'15;5'25;5'29;6'48;;;6'16;6'46;;;;;5'38
mar. 27 avril 2021 - 12:01;Course à pied le midi;5,94;35m 53s;2153;6'02;5'00;5'07;5'19;;;;5'59;;;;;;5'35
sam. 17 avril 2021 - 10:09;Course à pied matinale;9,99;01h 05m 17s;3917;6'31;5'35;5'42;5'48;;;;6'18;6'30;;;;;5'53
sam. 10 avril 2021 - 10:35;Course à pied matinale;6,31;38m 42s;2322;6'08;5'05;5'17;5'20;;;;6'08;;;;;;5'44
mer. 24 mars 2021 - 12:08;Course à pied le midi;5,90;36m 34s;2194;6'11;5'00;5'02;5'08;;;;6'07;;;;;;5'34
mar. 16 mars 2021 - 12:01;Course à pied le midi;5,93;35m 51s;2151;6'02;4'30;4'42;4'57;;;;6'01;;;;;;5'30
sam. 13 mars 2021 - 15:29;Course à pied l'après-midi;9,97;01h 05m 35s;3935;6'34;5'30;5'47;5'56;;;;6'32;6'35;;;;;6'14
mar. 09 mars 2021 - 11:59;Course à pied le midi;5,92;36m 37s;2197;6'11;5'10;5'15;5'20;;;;6'09;;;;;;5'42
sam. 06 mars 2021 - 15:15;Course à pied l'après-midi;9,99;01h 11m 17s;4277;7'08;5'50;6'12;6'20;;;;6'51;7'06;;;;;6'24
mer. 03 mars 2021 - 12:07;Course à pied le midi;5,92;38m 18s;2298;6'28;5'20;5'35;5'42;;;;6'19;;;;;;5'53
mar. 23 février 2021 - 11:47;Course à pied le midi;5,94;37m 39s;2259;6'20;4'25;4'37;4'49;;;;6'12;;;;;;5'23
sam. 20 février 2021 - 15:37;Course à pied l'après-midi;10,12;01h 10m 03s;4203;6'55;5'05;5'20;5'40;6'55;;;6'23;6'49;;;;;5'55
mar. 16 février 2021 - 12:03;Course à pied le midi;5,95;38m 41s;2321;6'29;5'00;5'12;5'21;;;;6'23;;;;;;5'50
sam. 13 février 2021 - 16:43;Course à pied l'après-midi;10,09;01h 06m 41s;4001;6'36;5'30;5'40;5'46;6'35;;;6'21;6'35;;;;;5'52
sam. 06 février 2021 - 15:45;Course à pied l'après-midi;9,71;01h 04m 44s;3884;6'39;5'45;5'55;5'58;;;;6'29;6'39;;;;;6'06
jeu. 04 février 2021 - 12:04;Course à pied le midi;5,93;38m 18s;2298;6'27;4'50;4'55;5'01;;;;6'19;;;;;;5'39
mar. 02 février 2021 - 12:04;Course à pied le midi;5,93;38m 22s;2302;6'28;4'25;5'07;5'13;;;;6'22;;;;;;5'35
sam. 30 janvier 2021 - 11:11;Course à pied le midi;9,74;01h 10m 27s;4227;7'14;5'20;5'22;5'37;;;;6'26;7'05;;;;;5'45
sam. 23 janvier 2021 - 15:23;Course à pied l'après-midi;9,71;01h 09m 41s;4181;7'10;5'35;5'42;5'58;;;;6'31;7'03;;;;;6'06
lun. 30 novembre 2020 - 18:13;Footing du soir;4,98;35m 31s;2131;7'07;6'00;6'22;6'35;;;;7'01;;;;;;6'48
dim. 29 novembre 2020 - 16:28;Footing avec Chrystèle;4,91;35m 28s;2128;7'13;5'30;6'15;6'44;;;;7'11;;;;;;6'56
ven. 27 novembre 2020 - 18:01;Footing du soir;5,15;36m 01s;2161;6'59;4'50;5'37;6'24;;;;6'58;;;;;;6'42
jeu. 26 novembre 2020 - 18:02;Course à pied le soir;5,71;40m 55s;2455;7'09;6'25;6'32;6'51;;;;7'04;;;;;;6'55
mer. 25 novembre 2020 - 18:16;Footing du soir;5,15;35m 19s;2119;6'51;5'55;6'10;6'29;;;;6'51;;;;;;6'41
mar. 24 novembre 2020 - 18:17;Footing du soir;4,95;34m 19s;2059;6'55;5'50;6'05;6'26;;;;6'54;;;;;;6'46
lun. 23 novembre 2020 - 18:16;Footing du soir;5,12;35m 49s;2149;6'59;6'00;6'15;6'33;;;;6'53;;;;;;6'44
dim. 22 novembre 2020 - 17:15;Footing avec Chrystèle;4,94;34m 59s;2099;7'05;6'15;6'25;6'42;;;;7'02;;;;;;6'51
sam. 21 novembre 2020 - 17:15;Footing;6,26;46m 57s;2817;7'30;6'35;6'47;7'01;;;;7'21;;;;;;7'10
ven. 20 novembre 2020 - 17:44;Petit footing du soir;5,14;35m 51s;2151;6'58;4'50;5'15;6'03;;;;6'54;;;;;;6'30
jeu. 19 novembre 2020 - 18:03;Footing du soir;5,86;40m 00s;2400;6'49;5'25;5'47;6'14;;;;6'39;;;;;;6'26
mer. 18 novembre 2020 - 18:10;Footing du soir;5,87;41m 27s;2487;7'03;6'05;6'27;6'35;;;;6'53;;;;;;6'44
mar. 17 novembre 2020 - 18:18;Footing du soir;7,03;49m 17s;2957;7'00;5'50;6'07;6'17;;;;6'45;;;;;;6'30
lun. 16 novembre 2020 - 18:28;Footing du soir;7,00;47m 18s;2838;6'45;5'40;5'55;6'12;;;;6'41;;;;;;6'27
dim. 15 novembre 2020 - 17:33;Footing avec Chrystèle;4,47;30m 39s;1839;6'51;5'40;6'15;6'28;;;;6'51;;;;;;6'38
sam. 14 novembre 2020 - 17:41;Footing du soir pluvieux;6,84;46m 45s;2805;6'50;5'20;6'07;6'22;;;;6'48;;;;;;6'36
ven. 13 novembre 2020 - 17:56;Footing du soir;7,02;49m 49s;2989;7'05;6'00;6'17;6'26;;;;6'56;;;;;;6'38
jeu. 12 novembre 2020 - 18:27;Footing du soir;5,96;39m 57s;2397;6'42;4'50;5'35;5'53;;;;6'30;;;;;;6'10
mer. 11 novembre 2020 - 16:25;Footing avec Chrystèle;6,10;42m 45s;2565;7'00;6'05;6'25;6'42;;;;6'53;;;;;;6'44
mar. 10 novembre 2020 - 18:13;Footing du soir;6,99;47m 44s;2864;6'49;5'30;5'55;6'15;;;;6'40;;;;;;6'26
lun. 09 novembre 2020 - 17:54;Footing avec Chrystèle;5,26;36m 46s;2206;6'59;5'00;5'45;6'25;;;;6'53;;;;;;6'37
dim. 08 novembre 2020 - 16:20;Footing avec Chrystèle;8,14;57m 21s;3441;7'02;6'15;6'25;6'39;;;;6'52;;;;;;6'48
sam. 07 novembre 2020 - 15:16;Footing avec Ève;3,93;29m 15s;1755;7'26;6'25;6'47;7'12;;;;;;;;;;7'13
ven. 06 novembre 2020 - 18:21;Footing du soir;7,04;46m 20s;2780;6'35;4'30;4'32;5'38;;;;6'30;;;;;;6'18
jeu. 05 novembre 2020 - 18:25;Footing décompression;5,78;38m 13s;2293;6'36;5'10;5'45;6'10;;;;6'34;;;;;;6'20
mer. 04 novembre 2020 - 18:04;Footing du soir;5,96;41m 17s;2477;6'55;5'10;6'00;6'12;;;;6'52;;;;;;6'39
mar. 03 novembre 2020 - 18:08;Footing de survie;5,40;37m 28s;2248;6'55;5'10;6'02;6'29;;;;6'57;;;;;;6'33
lun. 02 novembre 2020 - 18:51;Footing anti craquage de confinement;4,46;30m 57s;1857;6'56;5'20;6'15;6'35;;;;6'57;;;;;;6'45
dim. 01 novembre 2020 - 16:02;Footing de confinement avec Ève;2,91;26m 57s;1617;9'15;5'45;6'12;6'36;;;;;;;;;;7'15
sam. 19 septembre 2020 - 11:44;Course à pied le midi;4,09;33m 00s;1980;8'04;6'50;7'17;7'34;;;;8'03;;;;;;7'45
sam. 19 septembre 2020 - 11:06;Course à pied le midi;3,67;24m 29s;1469;6'40;5'55;6'00;6'07;;;;;;;;;;6'14
dim. 19 avril 2020 - 17:00;Course à pied l'après-midi;7,80;55m 01s;3301;7'03;5'25;5'52;6'11;;;;7'00;;;;;;6'24
mar. 31 mars 2020 - 15:33;Course à pied l'après-midi;5,84;38m 58s;2338;6'40;4'50;4'55;5'13;;;;6'36;;;;;;5'44
sam. 28 mars 2020 - 11:48;Course à pied le midi;4,48;29m 45s;1785;6'38;4'30;4'37;4'50;;;;;;;;;;5'58
dim. 23 février 2020 - 11:14;Course à pied (suite);6,25;50m 00s;3000;8'00;6'45;7'00;7'15;;;;7'40;;;;;;7'23
dim. 23 février 2020 - 10:32;Course à pied matinale;6,10;41m 33s;2493;6'48;5'15;5'42;6'03;;;;6'30;;;;;;6'13
dim. 16 février 2020 - 11:27;Sortie 1 heure 30;13,22;01h 31m 12s;5472;6'53;5'05;5'25;5'46;6'51;;;6'18;6'45;;;;;5'56
sam. 15 février 2020 - 11:23;2 * 2 km à 6 min/k + 1,5 km;9,93;01h 06m 22s;3982;6'40;4'40;5'07;5'31;;;;6'26;6'39;;;;;5'50
jeu. 13 février 2020 - 12:11;2 * 6 * 45s x 45s;8,96;59m 55s;3595;6'41;4'40;5'12;5'45;;;;6'13;;;;;;6'01
sam. 08 février 2020 - 16:47;Course à pied l'après-midi;13,13;01h 27m 46s;5266;6'41;4'55;5'17;5'52;6'41;;;6'27;6'40;;;;;6'01
ven. 07 février 2020 - 12:10;Course à pied le midi avec Fabio;7,47;48m 56s;2936;6'33;5'20;5'35;5'54;;;;6'16;;;;;;5'58
mer. 05 février 2020 - 12:36;VMA courte 12 * 30´ 30’;9,72;01h 05m 06s;3906;6'41;5'10;5'20;5'33;;;;6'22;6'41;;;;;5'48
dim. 02 février 2020 - 10:44;Course à pied matinale;3,31;19m 58s;1198;6'02;5'20;5'37;5'50;;;;;;;;;;5'55
dim. 26 janvier 2020 - 10:13;Course à pied matinale;9,82;01h 04m 10s;3850;6'32;5'30;5'37;5'44;;;;6'18;6'30;;;;;5'55
sam. 25 janvier 2020 - 11:43;Course à pied le midi;5,82;35m 02s;2102;6'01;5'00;5'12;5'26;;;;5'57;;;;;;5'36
mar. 21 janvier 2020 - 12:20;Course à pied : 6 * 400 m (1min 50);8,89;01h 03m 57s;3837;7'11;3'40;4'15;5'09;;;;6'52;7'14;;;;;5'20
dim. 19 janvier 2020 - 11:51;Course à pied le midi FC < 150;10,01;01h 13m 07s;4387;7'18;6'20;6'32;6'42;7'18;;;7'09;7'16;;;;;6'47
sam. 18 janvier 2020 - 16:11;Course à pied l'après-midi;5,91;34m 42s;2082;5'52;5'00;5'07;5'18;;;;5'50;;;;;;5'34
mer. 15 janvier 2020 - 12:20;Course à pied le midi avec Jean-Marc et Aurélie;9,91;01h 00m 56s;3656;6'08;5'00;5'25;5'46;;;;5'56;6'06;;;;;5'51
dim. 12 janvier 2020 - 11:05;Course à pied le midi FC < 155;8,20;57m 07s;3427;6'57;6'10;6'15;6'33;;;;6'49;;;;;;6'35
sam. 11 janvier 2020 - 16:20;Course à pied l'après-midi;5,93;34m 07s;2047;5'44;4'40;4'55;5'12;;;;5'44;;;;;;5'23
mar. 07 janvier 2020 - 12:13;Course à pied le midi;10,21;01h 07m 02s;4022;6'34;4'30;5'02;5'23;6'29;;;6'10;6'31;;;;;5'34
dim. 05 janvier 2020 - 11:35;Course à pied le midi;9,85;56m 55s;3415;5'46;4'55;5'05;5'21;;;;5'37;;;;;;5'31
ven. 27 décembre 2019 - 15:39;Course à pied l'après-midi;9,87;01h 00m 20s;3620;6'06;4'35;5'00;5'18;;;;6'01;6'06;;;;;5'22
mer. 18 décembre 2019 - 12:13;Course à pied le midi;8,17;47m 56s;2876;5'52;4'20;4'32;4'43;;;;5'34;;;;;;4'59
mer. 11 décembre 2019 - 12:14;Sortie avec Jean-Marc;8,17;49m 07s;2947;6'00;3'25;4'40;4'59;;;;5'38;;;;;;5'07
mer. 27 novembre 2019 - 12:20;Course à pied le midi;8,19;50m 30s;3030;6'10;3'45;4'50;5'03;;;;5'47;;;;;;5'14
mar. 05 novembre 2019 - 12:24;Footing avec Jean-Marc;8,27;50m 43s;3043;6'07;4'50;5'05;5'19;;;;5'46;;;;;;5'26
mar. 29 octobre 2019 - 12:16;Sortie avec JP qui me court après....;10,08;01h 01m 30s;3690;6'06;4'20;4'32;4'48;6'06;;;5'40;6'07;;;;;5'01
sam. 12 octobre 2019 - 15:47;3 fois 500 mètres avec Ève;5,69;51m 39s;3099;9'05;3'40;4'00;6'52;;;;8'48;;;;;;7'23
mer. 09 octobre 2019 - 12:17;Course à pied le midi;9,29;01h 01m 23s;3683;6'36;4'40;4'57;5'15;;;;6'11;6'36;;;;;5'31
jeu. 03 octobre 2019 - 12:16;Des côtes à côté de JP;7,02;01h 02m 37s;3757;8'55;4'55;5'00;5'24;;;;7'57;8'57;;;;;6'27
jeu. 26 septembre 2019 - 12:30;Course du midi;12,09;01h 22m 12s;4932;6'48;4'55;5'02;5'30;6'44;;;6'18;6'44;;;;;5'49
mar. 24 septembre 2019 - 12:17;Course à pied le midi;9,98;01h 09m 04s;4144;6'55;2'50;3'35;4'33;;;;6'11;6'45;;;;;5'00
jeu. 01 août 2019 - 12:23;Course à pied le midi;8,35;01h 05m 30s;3930;7'50;5'10;5'30;5'38;;;;7'37;7'58;;;;;5'49
mar. 02 juillet 2019 - 13:02;Course à pied l'après-midi;3,54;26m 24s;1584;7'27;5'30;5'57;6'16;;;;;;;;;;6'47
mar. 02 juillet 2019 - 12:25;Course à pied le midi;4,82;28m 43s;1723;5'57;4'55;5'15;5'23;;;;;;;;;;5'32
jeu. 20 juin 2019 - 12:22;Course à pied le midi;8,28;01h 02m 54s;3774;7'35;4'50;5'10;5'19;;;;8'47;7'40;;;;;5'26
jeu. 16 mai 2019 - 12:13;Footing avec Jean-Philippe et Jean-Marc;7,80;49m 30s;2970;6'20;4'40;5'22;5'28;;;;6'03;;;;;;5'51
jeu. 25 avril 2019 - 12:20;Course à pied le midi;8,52;56m 02s;3362;6'34;4'40;5'12;5'42;;;;6'21;;;;;;5'56
jeu. 18 avril 2019 - 12:17;Course à pied  + sieste le midi;10,28;01h 20m 52s;4852;7'51;4'05;4'47;5'07;7'54;;;5'58;8'35;;;;;5'25
dim. 07 avril 2019 - 09:30;Semi de LIFFRÉ;21,24;02h 14m 04s;8044;6'18;4'40;5'12;5'38;6'00;6'18;;5'52;6'00;6'19;;;;5'45
dim. 07 avril 2019 - 09:02;Course à pied matinale;2,24;27m 17s;1637;12'11;5'55;6'07;7'50;;;;;;;;;;8'44
dim. 31 mars 2019 - 10:58;Course à pied matinale;9,70;01h 09m 38s;4178;7'10;5'15;5'37;5'59;;;;6'43;7'11;;;;;6'11
sam. 30 mars 2019 - 11:05;6 fois 1 kilomètre allure « spécifique »;12,03;01h 22m 24s;4944;6'51;4'30;4'55;5'19;6'41;;;6'33;6'39;;;;;6'11
ven. 29 mars 2019 - 18:07;Course à pied le soir;5,89;36m 35s;2195;6'12;4'55;5'10;5'25;;;;6'09;;;;;;5'34
dim. 24 mars 2019 - 10:50;Sortie longue 1 heure 45;15,68;01h 45m 15s;6315;6'42;5'20;5'25;5'50;6'33;;;6'15;6'32;;;;;6'02
sam. 23 mars 2019 - 15:44;3 fois 2 kilomètres allure « spécifique »;9,84;01h 02m 19s;3739;6'20;4'40;5'05;5'19;;;;6'01;6'19;;;;;5'36
mar. 19 mars 2019 - 12:31;10 fois 45’' 30’';8,42;53m 21s;3201;6'20;4'40;5'02;5'29;;;;5'47;;;;;;5'37
dim. 17 mars 2019 - 10:37;2 heures sur route;18,05;02h 02m 05s;7325;6'45;5'30;5'57;6'11;6'37;;;6'22;6'37;6'45;;;;6'16
sam. 16 mars 2019 - 14:04;Comme un papi ...;9,75;01h 08m 43s;4123;7'02;5'25;5'32;6'06;;;;6'36;7'02;;;;;6'24
mer. 13 mars 2019 - 12:12;VMA 30' 30' 12 fois;8,69;53m 54s;3234;6'12;5'20;5'27;5'34;;;;5'54;;;;;;5'46
sam. 09 mars 2019 - 13:57;2 heures sortie longue sur route;16,26;01h 58m 54s;7134;7'18;6'05;6'25;6'41;7'13;;;7'01;7'13;;;;;6'50
ven. 08 mars 2019 - 12:15;2 * 4 km allure « spécifique »;12,01;01h 26m 16s;5176;7'11;5'00;5'45;5'57;6'45;;;6'28;6'47;;;;;6'12
mer. 06 mars 2019 - 12:22;VMA 10 * (1 min 30 - 1 min);10,69;01h 12m 58s;4378;6'49;4'10;5'10;5'45;6'49;;;6'39;6'51;;;;;6'00
dim. 03 mars 2019 - 10:06;1h45 sortie longue sur route;16,01;01h 47m 49s;6469;6'44;5'15;5'20;5'35;6'39;;;6'13;6'36;;;;;5'50
sam. 02 mars 2019 - 10:13;2 * 3 km allure spécifique;9,61;01h 05m 41s;3941;6'50;4'35;4'57;5'25;;;;6'18;6'47;;;;;5'36
mer. 27 février 2019 - 12:12;VMA 12 * (1 min - 1 min);10,61;01h 09m 24s;4164;6'32;4'25;5'07;5'35;6'31;;;5'55;6'26;;;;;5'46
mar. 26 février 2019 - 12:12;Course à pied le midi;6,37;42m 56s;2576;6'44;4'45;5'35;5'40;;;;6'25;;;;;;5'51
sam. 23 février 2019 - 15:35;1h30 de sortie longue sur route;13,18;01h 30m 03s;5403;6'49;5'40;6'00;6'09;6'50;;;6'33;6'47;;;;;6'18
ven. 22 février 2019 - 11:22;3 * 2 km allure spécifique;11,25;01h 16m 42s;4602;6'48;4'35;5'05;5'24;6'41;;;6'20;6'40;;;;;5'52
mer. 20 février 2019 - 12:13;VMA courte 12 * (45s - 45s);10,86;01h 12m 16s;4336;6'39;4'20;4'50;5'25;6'37;;;6'13;6'31;;;;;5'38
sam. 16 février 2019 - 11:17;Sortie longue (doucement);13,29;01h 27m 53s;5273;6'36;4'40;5'00;5'17;6'40;;;6'20;6'39;;;;;5'45
jeu. 14 février 2019 - 12:13;VMA courte 12 X (30s 30s);8,12;56m 46s;3406;6'59;3'45;4'22;5'05;;;;6'15;;;;;;5'31
mar. 12 février 2019 - 12:15;10  x 100 à 100%;8,48;01h 00m 14s;3614;7'05;3'00;4'32;5'03;;;;6'04;7'05;;;;;5'33
sam. 09 février 2019 - 15:25;Sortie longue tout doucement;18,04;02h 01m 43s;7303;6'44;5'15;5'45;5'49;6'39;;;6'16;6'36;6'45;;;;5'56
mar. 05 février 2019 - 12:15;Jean-Philippe m’a trainé dans la boue :);12,55;01h 30m 58s;5458;7'15;5'00;5'15;5'25;7'17;;;6'22;7'04;;;;;5'47
sam. 02 février 2019 - 14:21;Footing long tout doucement;16,13;01h 48m 39s;6519;6'44;4'15;5'02;5'44;6'36;;;6'10;6'32;;;;;5'48
sam. 26 janvier 2019 - 10:25;Footing plus long;15,75;01h 44m 53s;6293;6'39;5'00;5'20;5'36;6'20;;;5'55;6'18;;;;;5'47
mar. 22 janvier 2019 - 12:14;8 * 400 (en 1 min 55 et 1 min 20 de repos) => 95 % VMA;10,82;01h 16m 49s;4609;7'06;4'00;4'17;5'18;7'08;;;6'50;7'19;;;;;5'47
sam. 19 janvier 2019 - 11:44;Course à pied le midi;13,18;01h 23m 21s;5001;6'19;5'00;5'15;5'26;6'13;;;5'56;6'11;;;;;5'34
mar. 15 janvier 2019 - 12:17;Course du midi;7,62;49m 41s;2981;6'31;4'50;5'20;5'36;;;;6'12;;;;;;5'54
sam. 12 janvier 2019 - 10:26;Course à pied matinale;13,10;01h 24m 58s;5098;6'29;5'05;5'22;5'54;6'30;;;6'14;6'28;;;;;5'59
mar. 08 janvier 2019 - 12:23;Course à pied le midi;7,42;47m 57s;2877;6'27;5'05;5'30;5'55;;;;6'08;;;;;;6'05
sam. 05 janvier 2019 - 11:59;Course à pied le midi;9,66;59m 50s;3590;6'11;4'55;5'15;5'40;;;;5'58;;;;;;5'49
mar. 01 janvier 2019 - 13:21;Course à pied l'après-midi;5,94;36m 18s;2178;6'06;4'30;4'50;4'54;;;;6'05;;;;;;5'19
mer. 26 décembre 2018 - 11:49;Footing avec Anne;7,05;43m 10s;2590;6'07;4'20;5'17;5'35;;;;6'01;;;;;;5'49
lun. 24 décembre 2018 - 15:35;Course à pied l'après-midi;9,68;01h 03m 37s;3817;6'34;4'45;5'10;5'18;;;;6'19;6'35;;;;;5'35
sam. 22 décembre 2018 - 11:54;Course à pied le midi;9,77;01h 03m 49s;3829;6'31;4'00;5'20;5'33;;;;6'13;6'33;;;;;5'46
sam. 08 décembre 2018 - 15:13;Footing avec Eve;6,11;45m 16s;2716;7'24;3'55;4'22;5'59;;;;6'53;;;;;;6'40
ven. 07 décembre 2018 - 12:26;Course à pied le midi;7,67;57m 21s;3441;7'28;4'40;5'17;5'50;;;;6'08;;;;;;5'53
mar. 04 décembre 2018 - 12:15;10 * 200 en 43 secondes;9,71;01h 11m 54s;4314;7'24;2'55;5'07;5'38;;;;7'04;7'34;;;;;5'44
mar. 27 novembre 2018 - 12:21;10 * 200 en 45 secondes;8,55;01h 01m 07s;3667;7'08;3'10;4'52;5'39;;;;6'45;7'08;;;;;5'45
mar. 20 novembre 2018 - 12:29;Avec Fred et Jean-Philippe;9,81;01h 10m 45s;4245;7'12;4'30;5'05;5'27;;;;5'58;7'25;;;;;5'39
jeu. 15 novembre 2018 - 12:21;Footing avec Aurélie et Jean-philippe;10,42;01h 05m 59s;3959;6'19;5'05;5'40;5'52;6'17;;;6'06;6'16;;;;;5'57
mar. 13 novembre 2018 - 12:14;9 * 400 en 1'55;10,19;01h 12m 56s;4376;7'09;3'40;4'00;5'44;7'09;;;6'40;7'16;;;;;5'47
sam. 10 novembre 2018 - 09:47;Course à pied matinale;9,78;01h 00m 04s;3604;6'08;5'10;5'25;5'36;;;;6'03;6'08;;;;;5'43
mar. 06 novembre 2018 - 12:16;Course à pied le midi;11,07;01h 10m 48s;4248;6'23;5'15;5'25;5'47;6'20;;;6'05;6'17;;;;;5'55
sam. 03 novembre 2018 - 10:07;Footing avec Ève et Chrystele;4,82;30m 12s;1812;6'16;4'35;4'40;4'53;;;;6'15;;;;;;5'31
jeu. 01 novembre 2018 - 11:37;Course du midi;12,00;01h 13m 14s;4394;6'06;3'55;4'25;5'13;6'04;;;5'54;6'04;;;;;5'36
mar. 23 octobre 2018 - 12:12;Course à pied le midi;9,87;01h 14m 41s;4481;7'33;3'25;3'30;5'41;;;;7'14;7'52;;;;;5'57
sam. 20 octobre 2018 - 09:42;Footing avec Ève et Chrystèle;7,78;58m 55s;3535;7'34;4'45;4'55;5'55;;;;7'29;;;;;;6'36
jeu. 18 octobre 2018 - 12:16;Course à pied le midi;11,34;01h 15m 01s;4501;6'36;4'45;4'55;5'16;6'32;;;6'00;6'28;;;;;5'37
sam. 13 octobre 2018 - 10:20;Footing avec Chrystele;7,47;53m 48s;3228;7'12;4'35;5'27;6'18;;;;7'11;;;;;;6'35
mar. 09 octobre 2018 - 12:30;Course à pied le midi;7,41;49m 17s;2957;6'38;5'25;5'35;5'52;;;;6'04;;;;;;5'57
lun. 08 octobre 2018 - 12:53;Course à pied le midi;3,42;21m 19s;1279;6'14;5'15;5'22;5'47;;;;;;;;;;6'04
lun. 08 octobre 2018 - 12:28;Test VMA;2,06;10m 51s;651;5'16;4'05;4'15;4'32;;;;;;;;;;
sam. 06 octobre 2018 - 09:57;Footing avec Eve et Chrystèle;5,98;45m 55s;2755;7'40;6'30;6'52;7'07;;;;7'34;;;;;;7'13
ven. 05 octobre 2018 - 12:20;Course à pied le midi;7,33;45m 59s;2759;6'16;5'10;5'27;5'47;;;;6'14;;;;;;5'54
mar. 02 octobre 2018 - 12:17;Course du midi;10,48;01h 09m 25s;4165;6'37;3'45;3'57;4'58;6'37;;;6'27;6'36;;;;;5'40
sam. 29 septembre 2018 - 11:07;Footing avec Ève;6,28;45m 16s;2716;7'12;5'55;6'35;6'42;;;;7'04;;;;;;6'46
ven. 28 septembre 2018 - 12:16;Course à pied le midi;8,91;01h 02m 10s;3730;6'58;4'30;5'07;6'02;;;;6'37;6'58;;;;;6'20
mar. 25 septembre 2018 - 12:15;Course à pied le midi avec Jean Marc et Laurent;7,49;48m 14s;2894;6'26;4'45;5'35;5'57;;;;6'18;;;;;;6'03
mar. 18 septembre 2018 - 12:12;Marche le midi;10,97;01h 14m 25s;4465;6'46;3'25;5'17;5'25;6'45;;;6'34;6'42;;;;;5'48
ven. 14 septembre 2018 - 12:27;Je cours après Jean Marc;6,48;40m 07s;2407;6'11;5'00;5'10;5'26;;;;6'08;;;;;;5'49
ven. 07 septembre 2018 - 12:23;Lunch Run;8,64;01h 09m 05s;4145;7'59;3'05;4'47;5'52;;;;7'33;8'03;;;;;5'59
mar. 04 septembre 2018 - 12:14;Lunch Run;8,91;01h 13m 30s;4410;8'15;2'25;4'37;5'15;;;;7'01;8'24;;;;;5'35
ven. 31 août 2018 - 12:23;Course du midi;8,37;01h 01m 32s;3692;7'20;3'00;4'45;5'31;;;;7'08;7'20;;;;;5'55
mar. 28 août 2018 - 12:05;Footing avec Jean-Marc et Fabio;8,57;59m 24s;3564;6'55;5'10;5'30;6'00;;;;6'41;;;;;;6'12
sam. 18 août 2018 - 19:09;Reprise CAP avec Anne;10,27;01h 12m 14s;4334;7'02;5'15;6'05;6'22;7'01;;;6'50;7'01;;;;;6'31
sam. 16 juin 2018 - 15:57;Reprise footing;9,70;01h 02m 51s;3771;6'28;5'10;5'32;5'45;;;;6'17;6'29;;;;;5'56
mer. 23 mai 2018 - 12:24;Lunch Run;9,53;01h 02m 40s;3760;6'34;5'05;5'15;5'24;;;;6'08;6'34;;;;;5'41
sam. 19 mai 2018 - 11:59;Lunch Run;9,73;01h 03m 41s;3821;6'32;5'20;5'25;5'42;;;;6'18;6'32;;;;;5'51
lun. 14 mai 2018 - 12:29;Footing avec Didier;10,16;01h 04m 27s;3867;6'20;4'05;4'27;5'39;6'19;;;5'50;6'17;;;;;5'44
sam. 12 mai 2018 - 11:33;Footing avec 1 km à 5 min au kilomètre;11,31;01h 08m 19s;4099;6'02;4'30;4'40;4'51;6'00;;;5'55;6'00;;;;;5'25
mar. 08 mai 2018 - 10:46;Footing (FC < 155);9,82;01h 04m 07s;3847;6'31;5'15;5'32;5'43;;;;6'24;6'31;;;;;5'56
dim. 29 avril 2018 - 11:18;Lunch Run;10,20;01h 04m 03s;3843;6'16;4'15;5'17;5'34;6'17;;;6'07;6'18;;;;;5'41
lun. 23 avril 2018 - 12:29;Lunch Run;11,00;01h 09m 52s;4192;6'21;4'20;5'12;5'54;6'20;;;6'07;6'19;;;;;5'55
sam. 21 avril 2018 - 17:03;Comme une mamie;6,99;51m 30s;3090;7'21;5'15;5'27;5'35;;;;7'32;;;;;;5'41
mer. 18 avril 2018 - 18:16;Comme une grand-mère...;5,96;41m 00s;2460;6'52;5'25;5'45;5'56;;;;6'37;;;;;;6'02
sam. 14 avril 2018 - 10:12;Footing du matin;10,15;01h 02m 33s;3753;6'09;4'55;5'15;5'23;6'09;;;5'49;6'08;;;;;5'31
dim. 08 avril 2018 - 09:34;Semi de Liffré (Merci Didier !!!) 2h15 01;21,64;02h 23m 10s;8590;6'37;4'00;4'25;5'12;6'04;6'20;;5'47;6'04;6'22;;;;5'39
mar. 03 avril 2018 - 12:27;Lunch Run;10,42;01h 05m 01s;3901;6'14;4'55;5'25;5'45;6'13;;;5'57;6'11;;;;;5'52
sam. 31 mars 2018 - 11:17;Lunch Run;11,24;01h 13m 12s;4392;6'30;5'05;5'27;5'39;6'30;;;6'18;6'32;;;;;5'56
lun. 26 mars 2018 - 12:27;Lunch Run;9,37;01h 00m 20s;3620;6'26;5'20;5'32;5'51;;;;6'06;6'26;;;;;5'54
sam. 24 mars 2018 - 10:44;Morning Run;18,30;01h 54m 40s;6880;6'15;4'35;4'42;5'10;6'10;;;5'49;6'09;;;;;5'33
jeu. 22 mars 2018 - 12:25;8 * 400 m à 1'50;9,32;01h 05m 16s;3916;7'00;3'25;3'42;5'21;;;;6'05;7'03;;;;;5'28
lun. 19 mars 2018 - 12:26;Lunch Run;11,12;01h 08m 47s;4127;6'11;4'55;5'10;5'24;6'08;;;5'46;6'07;;;;;5'31
dim. 18 mars 2018 - 10:30;Footing avec Ève;4,60;32m 16s;1936;7'00;4'10;4'17;4'25;;;;6'58;;;;;;5'47
sam. 17 mars 2018 - 10:50;Morning Run;16,01;01h 42m 01s;6121;6'22;5'00;5'10;5'17;6'26;;;6'01;6'24;;;;;5'36
jeu. 15 mars 2018 - 12:38;Course du midi;8,05;53m 13s;3193;6'36;3'25;3'45;5'38;;;;6'10;;;;;;6'02
mar. 13 mars 2018 - 12:34;Stéphane et Didier m'a tuer;11,07;01h 10m 45s;4245;6'23;3'15;4'15;5'26;6'18;;;5'48;6'14;;;;;5'41
sam. 10 mars 2018 - 10:50;Morning Run;15,73;01h 43m 55s;6235;6'36;4'40;4'55;5'03;6'40;;;6'19;6'35;;;;;5'39
dim. 04 mars 2018 - 12:22;Lunch Run;5,95;37m 22s;2242;6'17;4'10;4'22;4'39;;;;6'07;;;;;;5'30
sam. 03 mars 2018 - 10:24;Morning Run;15,79;01h 42m 52s;6172;6'30;5'00;5'17;5'31;6'31;;;6'08;6'28;;;;;5'48
lun. 26 février 2018 - 12:28;Lunch Run;8,58;53m 50s;3230;6'16;5'10;5'12;5'26;;;;6'01;;;;;;5'34
sam. 24 février 2018 - 15:55;Afternoon Run;9,76;01h 01m 00s;3660;6'14;5'40;5'45;5'50;;;;6'10;6'15;;;;;5'55
jeu. 22 février 2018 - 15:07;Me suis perdu :(;18,43;01h 58m 38s;7118;6'26;5'15;5'32;5'50;6'22;;;6'11;6'22;;;;;6'03
sam. 17 février 2018 - 11:03;Lunch Run;16,28;01h 42m 27s;6147;6'17;4'25;4'40;5'11;6'20;;;6'02;6'19;;;;;5'39
jeu. 15 février 2018 - 12:27;Lunch Run;9,02;56m 05s;3365;6'13;4'25;5'10;5'33;;;;5'54;;;;;;5'40
lun. 12 février 2018 - 12:30;3 * 800 en 4 min;7,96;59m 11s;3551;7'26;4'20;4'32;6'01;;;;6'53;;;;;;6'03
sam. 10 février 2018 - 10:51;Morning Run;13,19;01h 23m 09s;4989;6'18;5'00;5'17;5'24;6'20;;;6'09;6'21;;;;;5'46
ven. 09 février 2018 - 12:19;10 fois 30 30;7,56;45m 12s;2712;5'58;4'10;4'52;5'20;;;;5'47;;;;;;5'30
lun. 05 février 2018 - 12:27;8 * 400 en 1’50;7,73;56m 07s;3367;7'15;3'35;3'47;5'43;;;;6'34;;;;;;5'56
sam. 03 février 2018 - 17:20;Un peu ambitieux sur ce coup là (retour de nuit);16,16;01h 41m 26s;6086;6'16;4'25;4'45;5'23;6'16;;;6'02;6'17;;;;;5'49
jeu. 01 février 2018 - 12:28;Lunch Run;9,24;55m 51s;3351;6'02;3'40;4'15;5'14;;;;5'51;;;;;;5'38
lun. 29 janvier 2018 - 12:30;Lunch Run;9,33;01h 00m 59s;3659;6'32;5'20;5'27;5'37;;;;6'09;6'31;;;;;5'41
sam. 27 janvier 2018 - 11:11;Lunch Run;13,82;01h 28m 19s;5299;6'23;4'40;4'50;5'05;6'22;;;6'07;6'20;;;;;5'33
jeu. 25 janvier 2018 - 12:26;Lunch Run;10,96;01h 05m 43s;3943;5'59;4'35;5'15;5'29;5'55;;;5'47;5'56;;;;;5'36
mar. 23 janvier 2018 - 12:21;Course du midi;9,80;59m 14s;3554;6'02;3'45;4'17;4'58;;;;5'50;;;;;;5'36
sam. 20 janvier 2018 - 14:20;Afternoon Run;13,14;01h 27m 40s;5260;6'40;4'55;5'17;5'38;6'44;;;6'22;6'41;;;;;5'51
mar. 16 janvier 2018 - 12:25;Lunch Run;9,18;56m 46s;3406;6'11;5'15;5'25;5'37;;;;6'05;;;;;;5'49
sam. 13 janvier 2018 - 16:01;Afternoon Run;12,64;01h 22m 25s;4945;6'31;5'15;5'40;5'56;6'34;;;6'22;6'34;;;;;6'03
lun. 08 janvier 2018 - 12:23;Lunch Run;10,32;01h 06m 18s;3978;6'25;4'50;5'32;5'39;6'12;;;6'01;6'12;;;;;5'48
sam. 06 janvier 2018 - 11:41;Lunch Run;6,05;37m 11s;2231;6'08;4'10;4'52;5'31;;;;6'04;;;;;;5'37
ven. 05 janvier 2018 - 12:20;4 *400 en 1’45;7,92;58m 29s;3509;7'23;3'55;4'00;5'17;;;;6'22;;;;;;5'23
jeu. 04 janvier 2018 - 12:24;Lunch Run;8,51;52m 53s;3173;6'12;3'45;4'32;5'21;;;;5'54;;;;;;5'42
mar. 02 janvier 2018 - 12:25;On se reprend après les fêtes ...;12,09;01h 16m 23s;4583;6'19;5'05;5'17;5'29;6'16;;;5'54;6'17;;;;;5'33
dim. 24 décembre 2017 - 15:59;Course dans l'après-midi;6,06;36m 29s;2189;6'01;4'45;4'55;5'04;;;;5'53;;;;;;5'29
sam. 23 décembre 2017 - 15:19;Footing (5 km dans le sable);9,74;01h 07m 46s;4066;6'57;5'10;5'30;5'39;;;;6'39;6'59;;;;;5'45
jeu. 21 décembre 2017 - 12:44;Lunch Run;8,65;59m 06s;3546;6'50;5'30;5'35;5'54;;;;6'20;;;;;;6'01
sam. 16 décembre 2017 - 11:39;Lunch Run;9,81;59m 11s;3551;6'02;2'55;4'15;5'16;;;;5'45;;;;;;5'32
sam. 09 décembre 2017 - 11:48;Lunch Run;9,71;57m 12s;3432;5'53;4'35;4'52;5'21;;;;5'46;;;;;;5'31
mer. 06 décembre 2017 - 12:18;Sortie parc de Bréquigny;8,47;51m 06s;3066;6'01;4'30;4'35;4'51;;;;5'46;;;;;;5'14
ven. 01 décembre 2017 - 12:51;Test VMA = 14 km/h;3,67;26m 34s;1594;7'14;2'30;4'07;4'19;;;;;;;;;;5'05
dim. 26 novembre 2017 - 13:15;Jogging avec Martin et Benoit;9,26;55m 08s;3308;5'57;4'40;4'52;5'25;;;;5'52;;;;;;5'30
mer. 22 novembre 2017 - 12:29;6 *300 m en 1’10 (fail);7,01;51m 36s;3096;7'21;2'45;3'30;5'15;;;;5'59;;;;;;5'27
sam. 18 novembre 2017 - 15:17;Afternoon Run;9,74;01h 00m 40s;3640;6'13;4'55;5'20;5'48;;;;6'06;6'13;;;;;6'01
mer. 15 novembre 2017 - 12:22;Lunch Run;10,94;01h 05m 39s;3939;6'00;4'55;5'07;5'15;5'56;;;5'38;5'56;;;;;5'25
mar. 07 novembre 2017 - 12:13;Lunch Run;8,88;53m 59s;3239;6'04;4'40;5'00;5'12;;;;5'48;;;;;;5'32
jeu. 02 novembre 2017 - 12:23;Lunch Run;9,94;01h 08m 51s;4131;6'55;2'15;4'57;5'31;;;;5'53;6'22;;;;;5'46
dim. 29 octobre 2017 - 09:59;Footing bpm < 148;12,96;01h 30m 38s;5438;6'59;5'45;6'00;6'13;6'55;;;6'47;6'55;;;;;6'34
ven. 27 octobre 2017 - 17:18;Footing;9,63;01h 01m 09s;3669;6'21;4'50;5'17;5'29;;;;5'46;6'22;;;;;5'37
mar. 24 octobre 2017 - 12:20;VMA 2*3*400 1:36 r=120;7,68;55m 34s;3334;7'14;2'25;3'22;5'27;;;;6'25;;;;;;5'30
mer. 18 octobre 2017 - 12:19;Lunch Run;8,07;54m 23s;3263;6'44;3'25;4'17;5'04;;;;6'03;;;;;;5'12
sam. 14 octobre 2017 - 15:39;Afternoon Run;9,72;01h 03m 53s;3833;6'34;5'20;5'37;6'02;;;;6'25;6'35;;;;;6'06
jeu. 05 octobre 2017 - 12:23;Lunch Run;7,19;41m 30s;2490;5'46;4'05;4'45;5'19;;;;5'36;;;;;;5'27
mar. 03 octobre 2017 - 12:25;Course du midi;8,00;47m 12s;2832;5'53;3'25;4'12;5'00;;;;5'31;;;;;;5'19
sam. 30 septembre 2017 - 09:43;Footing avec Chrystèle;10,58;01h 13m 21s;4401;6'56;5'10;5'27;5'39;6'54;;;6'32;6'51;;;;;6'16
jeu. 28 septembre 2017 - 12:23;Course du midi;9,97;01h 04m 07s;3847;6'26;2'25;5'17;5'43;;;;6'02;6'20;;;;;5'49
mar. 26 septembre 2017 - 12:20;Pokemon GO des segments (Rattata);12,68;01h 24m 52s;5092;6'41;2'25;4'25;5'14;6'36;;;6'07;6'37;;;;;5'31
dim. 24 septembre 2017 - 12:30;Vetathlon des 3 clochers;3,23;25m 32s;1532;7'54;3'55;4'15;5'24;;;;;;;;;;7'23
dim. 24 septembre 2017 - 10:00;Vetathlon des 3 clochers;8,90;59m 07s;3547;6'38;4'10;4'25;5'43;;;;6'29;;;;;;6'04
mer. 20 septembre 2017 - 13:12;Course dans l'après-midi;3,24;19m 03s;1143;5'52;4'00;4'37;5'23;;;;;;;;;;5'43
mar. 19 septembre 2017 - 12:35;8 * 400 en 1'40 (Fail);8,75;01h 00m 07s;3607;6'52;3'40;3'42;5'04;;;;6'12;6'51;;;;;5'58
sam. 16 septembre 2017 - 09:45;Footing avec Chrystele;10,10;01h 10m 18s;4218;6'57;5'55;6'10;6'30;6'56;;;6'50;6'54;;;;;6'38
mar. 12 septembre 2017 - 12:25;Lunch Run;8,34;54m 33s;3273;6'32;4'15;4'57;5'05;;;;6'01;;;;;;5'36
sam. 09 septembre 2017 - 09:57;Footing avec Chrystele;9,86;01h 05m 57s;3957;6'41;3'35;4'52;5'42;;;;6'24;6'40;;;;;6'17
jeu. 07 septembre 2017 - 12:31;Lunch Run;8,01;49m 38s;2978;6'11;3'15;4'42;5'44;;;;6'03;;;;;;5'59
mar. 05 septembre 2017 - 12:28;Echauffement + 2 * 8 * 200 (48'' + 40'' de recupération);8,30;59m 14s;3554;7'08;0'40;2'35;3'58;;;;6'07;;;;;;4'57
sam. 02 septembre 2017 - 14:46;Afternoon Run;9,76;59m 42s;3582;6'06;4'55;5'07;5'21;;;;5'56;;;;;;5'34
jeu. 31 août 2017 - 13:18;Recupération;0,77;05m 04s;304;6'32;5'55;6'05;;;;;;;;;;;
jeu. 31 août 2017 - 13:04;8 * 200 m (en 50 secondes) 2 ieme session;2,01;12m 46s;766;6'21;2'50;5'02;6'10;;;;;;;;;;6'15
jeu. 31 août 2017 - 12:49;8 * 200 m (en 50 secondes);2,12;14m 11s;851;6'41;3'55;5'20;5'46;;;;;;;;;;6'11
jeu. 31 août 2017 - 12:24;Echauffement;3,72;21m 57s;1317;5'53;5'10;5'17;5'34;;;;;;;;;;5'40
mar. 29 août 2017 - 12:52;Course du midi;6,80;45m 48s;2748;6'44;5'10;5'27;5'42;;;;6'23;;;;;;5'47
sam. 26 août 2017 - 10:50;En mode Trail avec Chrystele;9,29;01h 04m 06s;3846;6'54;4'00;4'55;5'35;;;;6'39;6'53;;;;;6'11
jeu. 24 août 2017 - 12:06;Lunch Run;11,34;01h 08m 46s;4126;6'03;4'15;4'37;5'13;6'07;;;5'28;6'08;;;;;5'20
sam. 19 août 2017 - 11:16;Lunch Run;9,78;55m 38s;3338;5'41;4'20;4'45;5'05;;;;5'34;;;;;;5'11
jeu. 17 août 2017 - 12:15;Course du midi;8,31;57m 32s;3452;6'55;3'00;4'27;4'44;;;;6'30;;;;;;5'11
mar. 15 août 2017 - 10:05;Course matinale avec Chrystele Anne Yannick;6,67;43m 17s;2597;6'29;3'55;4'15;5'24;;;;6'14;;;;;;5'53
dim. 13 août 2017 - 10:01;Course avec Chrystèle Anne Yannick Téo et Anouk;8,65;01h 02m 36s;3756;7'14;6'05;6'32;6'50;;;;7'07;7'13;;;;;6'56
sam. 12 août 2017 - 11:09;Jogging avec Eve Mina Anne et Chrystele;6,88;50m 16s;3016;7'18;3'10;4'17;6'21;;;;7'17;;;;;;6'52
sam. 05 août 2017 - 14:50;Course dans l'après-midi;6,10;35m 00s;2100;5'44;4'10;4'27;5'13;;;;5'43;;;;;;5'20
mer. 02 août 2017 - 12:13;Course du midi;10,49;01h 03m 54s;3834;6'05;4'00;4'20;4'46;6'08;;;5'33;6'08;;;;;5'10
sam. 24 juin 2017 - 17:57;Course à pied l'après-midi;6,03;39m 37s;2377;6'34;5'25;5'50;6'06;;;;6'35;;;;;;6'16
sam. 17 juin 2017 - 17:01;Course à pied l'après-midi;9,82;01h 10m 31s;4231;7'10;5'20;5'40;5'49;;;;6'26;7'07;;;;;5'56
sam. 10 juin 2017 - 16:18;Course à pied l'après-midi;6,00;37m 39s;2259;6'16;5'25;5'32;5'43;;;;6'12;;;;;;5'52
dim. 04 juin 2017 - 09:44;Course à pied matinale;9,02;01h 01m 48s;3708;6'50;4'45;5'17;5'30;;;;6'24;6'54;;;;;5'42
ven. 26 mai 2017 - 13:52;Course à pied l'après-midi;6,03;42m 21s;2541;7'01;5'50;6'22;6'31;;;;6'54;;;;;;6'36
sam. 20 mai 2017 - 14:21;Course à pied l'après-midi;9,81;01h 03m 57s;3837;6'31;4'35;5'15;5'53;;;;6'19;6'32;;;;;5'57
sam. 13 mai 2017 - 13:55;Course à pied l'après-midi;11,31;01h 18m 53s;4733;6'58;5'15;5'42;5'51;6'58;;;6'31;6'55;;;;;6'02
lun. 08 mai 2017 - 10:44;Course à pied matinale;6,02;38m 19s;2299;6'21;4'45;5'27;6'00;;;;6'22;;;;;;6'04
sam. 06 mai 2017 - 16:39;Course à pied l'après-midi;10,06;01h 03m 01s;3781;6'15;5'00;5'22;5'33;6'16;;;5'55;6'16;;;;;5'39
dim. 30 avril 2017 - 18:10;Course à pied le soir;6,07;35m 29s;2129;5'50;4'45;4'57;5'20;;;;5'51;;;;;;5'25
sam. 29 avril 2017 - 15:01;Course à pied l'après-midi;6,00;37m 07s;2227;6'10;5'10;5'30;5'39;;;;6'03;;;;;;5'40
dim. 23 avril 2017 - 10:48;Course à pied matinale;7,23;47m 47s;2867;6'36;4'30;4'57;6'07;;;;6'31;;;;;;6'16
sam. 22 avril 2017 - 16:31;Course à pied l'après-midi;9,80;01h 07m 56s;4076;6'55;5'55;6'07;6'13;;;;6'43;6'54;;;;;6'22
lun. 17 avril 2017 - 10:44;Course à pied matinale;7,86;51m 25s;3085;6'32;4'20;5'02;5'21;;;;6'11;;;;;;5'31
dim. 16 avril 2017 - 09:53;Course à pied matinale;7,38;48m 26s;2906;6'33;5'00;5'22;5'51;;;;6'24;;;;;;5'56
sam. 15 avril 2017 - 11:02;Course à pied le midi;7,16;50m 12s;3012;7'00;5'05;5'35;6'20;;;;6'47;;;;;;6'27
sam. 08 avril 2017 - 09:19;Course à pied matinale;9,78;01h 00m 40s;3640;6'12;5'10;5'25;5'47;;;;6'09;6'11;;;;;5'55
sam. 01 avril 2017 - 11:33;Course à pied le midi;6,04;34m 29s;2069;5'42;4'05;4'25;4'54;;;;5'40;;;;;;5'05
sam. 25 mars 2017 - 11:12;Course à pied le midi;9,88;01h 03m 54s;3834;6'27;4'25;5'15;5'41;;;;6'12;6'30;;;;;5'49
sam. 18 mars 2017 - 10:44;Course à pied matinale;9,85;01h 03m 40s;3820;6'27;4'55;5'32;5'47;;;;6'14;6'28;;;;;5'50
sam. 11 mars 2017 - 09:24;Course à pied matinale;9,83;59m 04s;3544;6'00;3'40;4'35;5'23;;;;5'55;;;;;;5'27
sam. 04 mars 2017 - 11:43;Course à pied le midi;6,02;34m 29s;2069;5'43;4'30;4'57;5'17;;;;5'45;;;;;;5'23
sam. 25 février 2017 - 11:37;Course à pied le midi;9,80;01h 03m 50s;3830;6'30;5'20;5'35;5'45;;;;6'10;6'30;;;;;5'48
sam. 18 février 2017 - 10:51;Course à pied matinale;9,83;01h 04m 06s;3846;6'31;5'15;5'42;5'58;;;;6'21;6'31;;;;;6'00
sam. 11 février 2017 - 15:04;Course à pied l'après-midi;9,84;01h 01m 56s;3716;6'17;5'10;5'30;5'43;;;;6'10;6'18;;;;;5'58
sam. 04 février 2017 - 11:16;Course à pied le midi;11,31;01h 16m 17s;4577;6'44;5'05;5'32;6'00;6'48;;;6'40;6'51;;;;;6'02
dim. 22 janvier 2017 - 11:12;Course à pied le midi;7,05;42m 58s;2578;6'05;4'50;5'17;5'37;;;;5'54;;;;;;5'45
sam. 21 janvier 2017 - 13:58;Course à pied l'après-midi;6,04;37m 01s;2221;6'07;5'10;5'15;5'27;;;;6'03;;;;;;5'36
sam. 14 janvier 2017 - 14:07;Course à pied l'après-midi;9,79;01h 02m 43s;3763;6'24;5'15;5'35;5'44;;;;6'12;6'24;;;;;5'47
sam. 07 janvier 2017 - 15:03;Course à pied l'après-midi;5,90;34m 11s;2051;5'47;4'40;5'17;5'25;;;;5'45;;;;;;5'33
sam. 31 décembre 2016 - 11:18;Course à pied le midi;5,50;35m 19s;2119;6'25;5'10;5'40;5'59;;;;6'27;;;;;;6'05
jeu. 29 décembre 2016 - 15:24;Course à pied l'après-midi;6,01;34m 19s;2059;5'42;4'25;4'50;5'26;;;;5'43;;;;;;5'34
mer. 28 décembre 2016 - 15:00;Course à pied l'après-midi;9,82;59m 40s;3580;6'04;4'30;4'52;5'39;;;;6'00;;;;;;5'53
mar. 27 décembre 2016 - 16:34;Course à pied l'après-midi;6,03;33m 59s;2039;5'38;4'30;4'52;5'18;;;;5'38;;;;;;5'31
lun. 26 décembre 2016 - 10:34;Course à pied matinale;6,06;36m 18s;2178;5'59;4'15;4'55;5'16;;;;5'56;;;;;;5'39
sam. 24 décembre 2016 - 14:15;Course à pied l'après-midi;9,81;01h 00m 53s;3653;6'12;4'30;5'20;5'42;;;;6'06;6'12;;;;;5'44
dim. 18 décembre 2016 - 14:01;Course à pied l'après-midi;6,00;37m 05s;2225;6'10;4'35;5'00;5'21;;;;6'04;;;;;;5'43
sam. 17 décembre 2016 - 16:18;Course à pied l'après-midi;9,80;56m 51s;3411;5'48;3'35;4'22;4'56;;;;5'35;;;;;;5'10
sam. 10 décembre 2016 - 15:39;Course à pied l'après-midi;9,92;01h 01m 39s;3699;6'12;4'25;4'32;5'36;;;;6'11;6'13;;;;;5'49
dim. 04 décembre 2016 - 16:39;Course à pied l'après-midi;6,28;36m 46s;2206;5'51;4'00;4'57;5'20;;;;5'53;;;;;;5'43
sam. 03 décembre 2016 - 15:00;Course à pied l'après-midi;9,86;01h 03m 54s;3834;6'28;5'10;5'35;5'52;;;;6'20;6'29;;;;;5'58
dim. 27 novembre 2016 - 14:56;Course à pied l'après-midi;4,71;32m 18s;1938;6'51;4'55;5'52;6'29;;;;6'49;;;;;;6'41
sam. 26 novembre 2016 - 13:40;Course à pied l'après-midi;13,61;01h 34m 43s;5683;6'57;5'05;5'22;5'34;6'56;;;6'51;6'56;;;;;6'14
dim. 20 novembre 2016 - 16:52;Course à pied l'après-midi;4,64;26m 18s;1578;5'39;4'15;4'32;4'58;;;;;;;;;;5'15
sam. 19 novembre 2016 - 10:48;Course à pied matinale;10,31;01h 06m 19s;3979;6'25;4'25;4'47;5'43;6'22;;;6'04;6'19;;;;;5'52
dim. 13 novembre 2016 - 11:49;Course à pied le midi;3,28;22m 35s;1355;6'52;5'10;5'45;6'20;;;;;;;;;;6'33
dim. 13 novembre 2016 - 11:06;Course à pied le midi;3,37;23m 34s;1414;7'00;6'15;6'32;6'42;;;;;;;;;;6'47
sam. 12 novembre 2016 - 15:16;Course à pied l'après-midi;2,58;19m 00s;1140;7'22;5'30;6'10;7'05;;;;;;;;;;7'27
sam. 12 novembre 2016 - 14:35;Course à pied l'après-midi;3,12;19m 43s;1183;6'19;4'55;5'25;5'55;;;;;;;;;;6'14
ven. 11 novembre 2016 - 10:51;Course à pied matinale;10,27;01h 04m 33s;3873;6'17;4'50;5'02;5'50;6'18;;;6'07;6'19;;;;;5'53
sam. 05 novembre 2016 - 11:12;Course à pied le midi;10,02;01h 05m 48s;3948;6'34;5'00;5'17;5'51;6'32;;;6'24;6'32;;;;;6'02
mar. 01 novembre 2016 - 10:23;Course à pied matinale;9,80;01h 01m 34s;3694;6'16;4'40;5'07;5'23;;;;5'58;6'16;;;;;5'25
dim. 30 octobre 2016 - 11:16;Course à pied le midi;6,02;35m 11s;2111;5'50;4'30;5'12;5'26;;;;5'48;;;;;;5'33
dim. 23 octobre 2016 - 11:48;Course à pied le midi;9,64;01h 01m 30s;3690;6'22;5'05;5'20;5'50;;;;6'17;6'21;;;;;5'55
sam. 22 octobre 2016 - 14:20;Course à pied l'après-midi;9,87;01h 00m 28s;3628;6'07;4'05;4'57;5'29;;;;5'58;6'08;;;;;5'36
sam. 15 octobre 2016 - 11:33;Course à pied le midi;9,83;01h 01m 20s;3680;6'14;4'35;5'07;5'37;;;;5'59;6'15;;;;;5'47
dim. 09 octobre 2016 - 10:10;Course à pied matinale;13,81;01h 35m 31s;5731;6'55;4'25;4'50;5'19;6'46;;;6'38;6'43;;;;;6'04
sam. 01 octobre 2016 - 11:03;Course à pied le midi;11,33;01h 14m 22s;4462;6'33;4'40;4'50;5'00;6'32;;;6'22;6'31;;;;;5'54
sam. 24 septembre 2016 - 15:06;Course à pied l'après-midi;9,85;01h 07m 20s;4040;6'50;4'35;5'25;5'45;;;;6'27;6'49;;;;;5'51
dim. 18 septembre 2016 - 15:36;Course à pied l'après-midi;6,11;38m 26s;2306;6'17;5'00;5'10;5'24;;;;6'10;;;;;;5'32
sam. 17 septembre 2016 - 16:16;Course à pied l'après-midi;6,02;35m 32s;2132;5'54;4'55;5'12;5'22;;;;5'55;;;;;;5'35
sam. 03 septembre 2016 - 17:46;Course à pied l'après-midi;9,80;01h 07m 25s;4045;6'52;5'25;5'42;5'47;;;;6'33;6'52;;;;;5'56
sam. 27 août 2016 - 14:16;Course à pied l'après-midi;6,05;41m 24s;2484;6'50;5'15;5'25;5'48;;;;6'43;;;;;;5'59
sam. 20 août 2016 - 14:42;Course à pied l'après-midi;6,06;37m 54s;2274;6'15;2'55;4'27;5'33;;;;6'09;;;;;;5'41
sam. 11 juin 2016 - 14:49;Course à pied l'après-midi;9,83;01h 04m 59s;3899;6'36;5'05;5'22;6'07;;;;6'33;6'38;;;;;6'10
sam. 21 mai 2016 - 16:29;Course à pied l'après-midi;6,03;38m 06s;2286;6'19;5'15;5'42;5'57;;;;6'19;;;;;;5'58
dim. 15 mai 2016 - 17:33;Course à pied l'après-midi;2,41;30m 01s;1801;12'28;10'35;10'52;11'09;;;;12'28;;;;;;11'14
sam. 14 mai 2016 - 10:50;Course à pied matinale;8,22;54m 50s;3290;6'40;4'10;5'02;5'20;;;;6'08;;;;;;5'31
sam. 07 mai 2016 - 10:49;Course à pied matinale;6,00;36m 43s;2203;6'06;4'40;5'07;5'27;;;;6'04;;;;;;5'29
jeu. 05 mai 2016 - 11:09;Course à pied le midi;10,92;01h 13m 08s;4388;6'41;4'45;5'10;5'38;6'40;;;6'19;6'39;;;;;5'41
sam. 30 avril 2016 - 14:10;Course à pied l'après-midi;10,05;01h 04m 10s;3850;6'23;1'20;3'07;5'03;6'21;;;6'12;6'26;;;;;5'34
dim. 10 avril 2016 - 14:27;Course à pied l'après-midi;6,00;36m 59s;2219;6'10;4'50;5'02;5'14;;;;6'01;;;;;;5'23
mar. 05 avril 2016 - 10:50;Course à pied matinale;8,85;58m 13s;3493;6'34;5'10;5'32;5'40;;;;6'01;;;;;;5'44
dim. 03 avril 2016 - 10:28;Course à pied matinale;6,45;38m 58s;2338;6'02;4'15;4'50;5'05;;;;5'57;;;;;;5'34
lun. 28 mars 2016 - 10:19;Course à pied matinale;6,00;35m 55s;2155;5'59;4'30;4'50;5'15;;;;5'56;;;;;;5'20
sam. 19 mars 2016 - 15:00;Course à pied l'après-midi;11,34;01h 10m 00s;4200;6'10;4'05;4'50;5'28;6'14;;;6'05;6'15;;;;;5'42
dim. 13 mars 2016 - 11:19;Course à pied le midi;6,01;34m 26s;2066;5'43;4'15;4'55;5'17;;;;5'45;;;;;;5'25
sam. 12 mars 2016 - 15:45;Course à pied l'après-midi;9,49;58m 31s;3511;6'10;3'50;4'35;5'24;;;;6'08;;;;;;5'49
sam. 05 mars 2016 - 10:14;Course à pied matinale;11,35;01h 13m 26s;4406;6'28;5'10;5'32;5'45;6'28;;;6'13;6'26;;;;;5'48
sam. 27 février 2016 - 14:32;Course à pied l'après-midi;11,33;01h 12m 33s;4353;6'24;5'15;5'25;5'47;6'27;;;6'19;6'29;;;;;5'52
dim. 14 février 2016 - 11:44;Course à pied le midi;6,03;35m 15s;2115;5'50;5'00;5'05;5'15;;;;5'51;;;;;;5'45
sam. 13 février 2016 - 17:10;Course à pied l'après-midi;6,01;34m 48s;2088;5'47;4'35;4'37;5'04;;;;5'48;;;;;;5'26
dim. 07 février 2016 - 10:34;Course à pied matinale;6,01;33m 18s;1998;5'32;4'25;4'40;4'50;;;;5'32;;;;;;5'08
sam. 06 février 2016 - 13:59;Course à pied l'après-midi;11,31;01h 11m 20s;4280;6'18;5'15;5'32;5'37;6'20;;;6'03;6'19;;;;;5'41
dim. 31 janvier 2016 - 10:57;Course à pied matinale;6,02;34m 51s;2091;5'47;4'10;4'30;5'00;;;;5'46;;;;;;5'12
sam. 30 janvier 2016 - 16:59;Course à pied l'après-midi;6,01;34m 09s;2049;5'40;4'25;4'55;5'16;;;;5'42;;;;;;5'18
dim. 24 janvier 2016 - 12:19;Course à pied le midi;6,09;35m 22s;2122;5'48;3'50;4'32;5'16;;;;5'47;;;;;;5'19
sam. 16 janvier 2016 - 13:49;Course à pied l'après-midi;11,40;01h 14m 15s;4455;6'30;5'25;5'40;5'53;6'28;;;6'20;6'27;;;;;6'02
dim. 10 janvier 2016 - 10:27;Course à pied matinale;6,04;40m 19s;2419;6'40;5'45;6'15;6'27;;;;6'39;;;;;;6'33
sam. 09 janvier 2016 - 13:35;Course à pied l'après-midi;9,92;01h 00m 50s;3650;6'07;4'40;5'02;5'17;;;;6'01;6'09;;;;;5'25
dim. 03 janvier 2016 - 11:11;Course à pied le midi;6,04;36m 37s;2197;6'03;4'50;5'07;5'41;;;;6'01;;;;;;5'46
mer. 23 décembre 2015 - 10:39;Course à pied matinale;6,02;35m 56s;2156;5'58;4'55;5'05;5'39;;;;5'57;;;;;;5'52
mar. 22 décembre 2015 - 13:29;Course à pied l'après-midi;6,06;38m 19s;2299;6'19;4'55;5'17;5'44;;;;6'13;;;;;;5'48
lun. 21 décembre 2015 - 11:42;Course à pied le midi;6,01;35m 12s;2112;5'51;4'40;5'05;5'22;;;;5'53;;;;;;5'26
sam. 19 décembre 2015 - 14:07;Course à pied l'après-midi;9,82;01h 02m 21s;3741;6'20;5'00;5'25;5'36;;;;6'04;6'21;;;;;5'41
dim. 13 décembre 2015 - 11:53;Course à pied le midi;6,02;34m 31s;2071;5'43;4'10;4'52;5'23;;;;5'45;;;;;;5'31
sam. 12 décembre 2015 - 14:19;Course à pied l'après-midi;11,36;01h 14m 48s;4488;6'34;5'15;5'32;5'48;6'36;;;6'20;6'36;;;;;5'51
sam. 28 novembre 2015 - 16:19;Course à pied l'après-midi;6,00;34m 05s;2045;5'40;4'30;4'52;5'15;;;;5'39;;;;;;5'20
dim. 22 novembre 2015 - 10:23;Course à pied matinale;6,03;34m 13s;2053;5'40;4'15;4'52;5'22;;;;5'43;;;;;;5'31
sam. 21 novembre 2015 - 15:00;Course à pied l'après-midi;9,95;59m 27s;3567;5'58;4'00;4'55;5'17;;;;5'51;;;;;;5'40
sam. 14 novembre 2015 - 10:26;Course à pied matinale;11,33;01h 10m 29s;4229;6'13;5'00;5'10;5'24;6'14;;;5'57;6'14;;;;;5'26
mer. 11 novembre 2015 - 09:59;Course à pied matinale;6,03;34m 07s;2047;5'39;4'20;5'00;5'26;;;;5'40;;;;;;5'28
dim. 08 novembre 2015 - 11:54;Course à pied le midi;6,02;36m 31s;2191;6'03;4'45;5'20;5'44;;;;6'03;;;;;;5'46
dim. 01 novembre 2015 - 11:21;Course à pied le midi;9,88;01h 01m 00s;3660;6'10;4'40;5'07;5'37;;;;6'00;6'11;;;;;5'40
sam. 31 octobre 2015 - 13:55;Course à pied l'après-midi;11,92;01h 18m 28s;4708;6'35;5'45;5'55;6'00;6'38;;;6'24;6'36;;;;;6'03
mar. 27 octobre 2015 - 12:26;Course à pied le midi;10,97;01h 09m 00s;4140;6'17;4'20;5'10;5'39;6'10;;;5'56;6'10;;;;;5'45
dim. 25 octobre 2015 - 10:15;Course à pied matinale;8,38;47m 48s;2868;5'42;4'30;4'37;4'59;;;;5'33;;;;;;5'11
ven. 23 octobre 2015 - 12:56;Course à pied le midi;6,02;36m 02s;2162;5'59;4'40;5'02;5'10;;;;5'51;;;;;;5'18
dim. 18 octobre 2015 - 11:00;Course à pied le midi;6,04;36m 45s;2205;6'05;4'05;4'42;5'32;;;;6'05;;;;;;5'44
mar. 13 octobre 2015 - 12:15;Course à pied le midi;8,50;52m 26s;3146;6'10;3'50;4'22;4'55;;;;5'54;;;;;;5'31
dim. 11 octobre 2015 - 11:20;Course à pied le midi;11,14;01h 11m 21s;4281;6'24;4'35;5'25;5'44;6'23;;;6'11;6'20;;;;;5'54
sam. 10 octobre 2015 - 15:16;Course à pied l'après-midi;9,83;01h 01m 10s;3670;6'13;3'35;4'35;5'38;;;;6'09;6'14;;;;;5'52
dim. 04 octobre 2015 - 11:03;Course à pied le midi;9,81;59m 40s;3580;6'04;5'00;5'17;5'41;;;;6'00;;;;;;5'51
mer. 30 septembre 2015 - 12:25;Course à pied le midi;9,79;01h 01m 19s;3679;6'15;3'55;4'32;5'05;;;;5'44;6'16;;;;;5'15
dim. 27 septembre 2015 - 11:17;Course à pied le midi;6,01;33m 57s;2037;5'38;4'20;4'52;5'07;;;;5'38;;;;;;5'11
sam. 26 septembre 2015 - 14:53;Course à pied l'après-midi;9,82;58m 55s;3535;5'59;4'55;5'12;5'34;;;;5'54;;;;;;5'36
sam. 19 septembre 2015 - 14:46;Course à pied l'après-midi;9,86;01h 01m 18s;3678;6'12;4'40;5'05;5'41;;;;6'09;6'13;;;;;5'43
dim. 13 septembre 2015 - 11:25;Course à pied le midi;6,03;34m 18s;2058;5'41;4'45;4'47;5'04;;;;5'41;;;;;;5'10
sam. 12 septembre 2015 - 13:52;Course à pied l'après-midi;10,67;01h 07m 27s;4047;6'19;4'45;5'10;5'34;6'21;;;6'08;6'21;;;;;5'42
sam. 05 septembre 2015 - 14:15;Course à pied l'après-midi;9,80;01h 03m 09s;3789;6'26;5'15;5'37;5'43;;;;6'17;6'27;;;;;5'53
ven. 04 septembre 2015 - 12:15;Course à pied le midi;7,93;46m 39s;2799;5'53;5'10;5'20;5'38;;;;5'46;;;;;;5'42
sam. 29 août 2015 - 13:02;Course à pied l'après-midi;10,73;01h 11m 46s;4306;6'41;4'45;5'27;5'36;6'43;;;6'19;6'40;;;;;5'45
sam. 22 août 2015 - 11:31;Course à pied le midi;3,67;32m 57s;1977;8'57;4'15;6'07;7'42;;;;8'53;;;;;;7'43
sam. 22 août 2015 - 10:20;Course à pied matinale;9,81;01h 10m 28s;4228;7'11;5'20;5'37;6'06;;;;6'36;7'03;;;;;6'17
sam. 08 août 2015 - 15:10;Course à pied l'après-midi;6,02;35m 25s;2125;5'53;5'05;5'20;5'28;;;;5'53;;;;;;5'35
dim. 02 août 2015 - 07:51;Course à pied matinale;10,17;01h 05m 47s;3947;6'28;5'10;5'25;5'47;6'28;;;6'22;6'26;;;;;5'54
sam. 27 juin 2015 - 14:38;Course à pied l'après-midi;9,87;01h 05m 29s;3929;6'38;4'20;4'42;5'06;;;;6'09;6'36;;;;;5'13
sam. 20 juin 2015 - 13:44;Course à pied l'après-midi;9,83;01h 06m 25s;3985;6'45;5'10;5'27;5'36;;;;6'23;6'46;;;;;5'43
sam. 13 juin 2015 - 13:51;Course à pied l'après-midi;11,32;01h 12m 59s;4379;6'26;5'05;5'20;5'33;6'28;;;6'13;6'28;;;;;5'37
sam. 06 juin 2015 - 11:08;Course à pied le midi;9,81;59m 51s;3591;6'05;4'35;5'00;5'29;;;;6'04;;;;;;5'32
sam. 30 mai 2015 - 17:48;Course à pied l'après-midi;6,01;35m 25s;2125;5'53;5'00;5'15;5'26;;;;5'51;;;;;;5'28
lun. 25 mai 2015 - 11:24;Course à pied le midi;6,02;35m 14s;2114;5'51;4'40;5'00;5'30;;;;5'52;;;;;;5'33
sam. 23 mai 2015 - 14:48;Course à pied l'après-midi;11,35;01h 14m 41s;4481;6'34;5'00;5'12;5'25;6'34;;;6'05;6'30;;;;;5'27
sam. 16 mai 2015 - 11:37;Course à pied le midi;6,01;36m 03s;2163;5'59;4'55;5'20;5'34;;;;6'00;;;;;;5'41
ven. 15 mai 2015 - 16:47;Course à pied l'après-midi;6,02;35m 47s;2147;5'56;4'55;5'12;5'31;;;;5'56;;;;;;5'44
jeu. 14 mai 2015 - 18:05;Course à pied le soir;9,85;56m 47s;3407;5'45;4'30;4'52;5'22;;;;5'39;;;;;;5'29
sam. 09 mai 2015 - 15:14;Course à pied l'après-midi;6,07;35m 04s;2104;5'46;4'50;4'57;5'07;;;;5'43;;;;;;5'16
ven. 08 mai 2015 - 15:36;Course à pied l'après-midi;9,81;58m 06s;3486;5'55;4'35;5'07;5'17;;;;5'44;;;;;;5'25
dim. 03 mai 2015 - 13:50;Course à pied l'après-midi;6,05;35m 19s;2119;5'50;4'55;5'02;5'14;;;;5'48;;;;;;5'21
sam. 18 avril 2015 - 14:35;Course à pied l'après-midi;9,82;59m 24s;3564;6'02;4'15;4'55;5'12;;;;5'41;;;;;;5'19
dim. 12 avril 2015 - 10:27;Course à pied matinale;6,01;33m 12s;1992;5'31;4'45;4'50;5'04;;;;5'31;;;;;;5'16
sam. 11 avril 2015 - 16:35;Course à pied l'après-midi;6,05;34m 31s;2071;5'42;4'50;5'07;5'28;;;;5'43;;;;;;5'34
dim. 05 avril 2015 - 15:48;Course à pied l'après-midi;6,71;43m 05s;2585;6'25;5'25;5'35;5'53;;;;6'16;;;;;;5'55
sam. 04 avril 2015 - 15:26;Course à pied l'après-midi;10,54;01h 05m 22s;3922;6'12;5'00;5'22;5'40;6'10;;;6'01;6'09;;;;;5'48
sam. 28 mars 2015 - 15:26;Course à pied l'après-midi;9,84;58m 49s;3529;5'58;4'40;5'05;5'13;;;;5'44;;;;;;5'19
dim. 15 mars 2015 - 11:13;Course à pied le midi;6,03;39m 05s;2345;6'28;5'10;5'37;5'56;;;;6'23;;;;;;5'58
sam. 14 mars 2015 - 13:58;Course à pied l'après-midi;6,03;35m 52s;2152;5'56;4'45;5'17;5'35;;;;5'58;;;;;;5'40
sam. 07 mars 2015 - 13:24;Course à pied l'après-midi;16,68;02h 02m 07s;7327;7'19;5'25;5'40;6'00;7'05;;;6'28;6'54;7'19;;;;6'11
dim. 01 mars 2015 - 11:03;Course à pied le midi;9,79;01h 00m 28s;3628;6'10;4'55;5'25;5'35;;;;5'59;6'10;;;;;5'51
dim. 01 mars 2015 - 10:41;Course à pied matinale;2,99;20m 16s;1216;6'47;6'00;6'10;6'22;;;;;;;;;;6'37
sam. 28 février 2015 - 15:25;Course à pied l'après-midi;7,07;44m 04s;2644;6'13;4'45;4'52;5'14;;;;6'06;;;;;;5'33
ven. 27 février 2015 - 14:24;Course à pied l'après-midi;9,84;58m 44s;3524;5'58;4'40;5'05;5'36;;;;5'57;;;;;;5'42
mar. 24 février 2015 - 12:47;Course à pied le midi;9,81;58m 58s;3538;6'00;5'15;5'22;5'35;;;;5'52;;;;;;5'44
dim. 22 février 2015 - 10:26;Course à pied matinale;9,92;58m 18s;3498;5'52;4'50;5'05;5'09;;;;5'42;;;;;;5'18
sam. 21 février 2015 - 11:11;Course à pied le midi;10,14;58m 14s;3494;5'44;4'35;5'00;5'09;5'44;;;5'37;;;;;;5'20
dim. 15 février 2015 - 10:08;Course à pied matinale;10,00;59m 05s;3545;5'54;4'50;5'12;5'26;;;;5'50;;;;;;5'33
sam. 14 février 2015 - 10:07;Course à pied matinale;9,71;57m 01s;3421;5'52;4'30;4'55;5'14;;;;5'48;;;;;;5'33
sam. 14 février 2015 - 09:49;Course à pied matinale;2,32;15m 40s;940;6'44;6'20;6'22;6'30;;;;;;;;;;6'39
dim. 08 février 2015 - 09:51;Course à pied matinale;6,02;35m 40s;2140;5'55;4'55;5'07;5'33;;;;5'54;;;;;;5'43
sam. 07 février 2015 - 10:45;Course à pied matinale;9,53;55m 16s;3316;5'47;4'15;4'52;5'19;;;;5'41;;;;;;5'34
sam. 07 février 2015 - 10:16;Course à pied matinale;4,01;27m 06s;1626;6'45;6'00;6'15;6'20;;;;;;;;;;6'25
mer. 04 février 2015 - 10:21;Course à pied matinale;11,17;01h 06m 05s;3965;5'54;4'35;5'07;5'17;5'56;;;5'48;5'56;;;;;5'23
dim. 01 février 2015 - 11:19;Course à pied le midi;6,03;35m 04s;2104;5'48;5'10;5'17;5'26;;;;5'49;;;;;;5'35
sam. 31 janvier 2015 - 13:04;Course à pied l'après-midi;9,82;59m 57s;3597;6'06;5'10;5'20;5'28;;;;6'01;;;;;;5'36
dim. 25 janvier 2015 - 11:46;Course à pied le midi;6,70;38m 59s;2339;5'49;4'35;4'50;5'15;;;;5'49;;;;;;5'31
sam. 24 janvier 2015 - 11:17;Course à pied le midi;10,06;01h 00m 36s;3636;6'01;4'45;4'55;5'04;6'01;;;5'45;6'01;;;;;5'18
mar. 20 janvier 2015 - 12:14;Course à pied le midi;8,85;50m 56s;3056;5'45;4'25;5'00;5'16;;;;5'33;;;;;;5'23
sam. 17 janvier 2015 - 15:46;Course à pied l'après-midi;11,37;01h 05m 59s;3959;5'48;4'50;5'10;5'20;5'50;;;5'45;5'50;;;;;5'24
dim. 11 janvier 2015 - 13:25;Course à pied l'après-midi;4,01;22m 24s;1344;5'34;4'40;4'55;5'17;;;;;;;;;;5'32
sam. 10 janvier 2015 - 15:06;Course à pied l'après-midi;9,80;57m 47s;3467;5'53;4'50;5'05;5'17;;;;5'42;;;;;;5'19
dim. 04 janvier 2015 - 14:11;Course à pied l'après-midi;6,63;39m 59s;2399;6'01;5'05;5'20;5'35;;;;6'01;;;;;;5'38
sam. 03 janvier 2015 - 14:48;Course à pied l'après-midi;6,01;34m 13s;2053;5'41;4'40;5'00;5'05;;;;5'40;;;;;;5'12
ven. 02 janvier 2015 - 14:31;Course à pied l'après-midi;6,05;35m 55s;2155;5'56;3'45;4'10;4'53;;;;6'00;;;;;;5'15
dim. 28 décembre 2014 - 11:33;Course à pied le midi;9,82;58m 20s;3500;5'56;5'00;5'12;5'26;;;;5'49;;;;;;5'34
sam. 27 décembre 2014 - 16:50;Course à pied l'après-midi;6,02;34m 35s;2075;5'44;4'50;5'12;5'27;;;;5'45;;;;;;5'30
jeu. 25 décembre 2014 - 10:51;Course à pied matinale;9,42;54m 36s;3276;5'47;4'50;5'12;5'19;;;;5'42;;;;;;5'29
mer. 24 décembre 2014 - 09:24;Course à pied matinale;9,82;58m 19s;3499;5'56;4'55;5'05;5'10;;;;5'40;;;;;;5'18
dim. 21 décembre 2014 - 11:19;Course à pied le midi;5,03;28m 09s;1689;5'35;4'45;5'07;5'17;;;;;;;;;;5'27
sam. 20 décembre 2014 - 14:06;Course à pied l'après-midi;11,36;01h 06m 02s;3962;5'48;4'50;4'57;5'09;5'50;;;5'41;5'49;;;;;5'20
sam. 13 décembre 2014 - 14:20;Course à pied l'après-midi;11,47;01h 06m 00s;3960;5'45;0'15;1'37;3'58;5'41;;;5'29;5'42;;;;;4'49
dim. 07 décembre 2014 - 11:09;Course à pied le midi;6,01;35m 06s;2106;5'50;4'45;5'10;5'16;;;;5'48;;;;;;5'36
sam. 06 décembre 2014 - 14:41;Course à pied l'après-midi;11,33;01h 04m 55s;3895;5'43;4'35;4'52;5'06;5'44;;;5'37;5'44;;;;;5'21
dim. 30 novembre 2014 - 10:16;Course à pied matinale;8,22;50m 56s;3056;6'11;4'40;5'02;5'17;;;;5'54;;;;;;5'39
sam. 29 novembre 2014 - 13:54;Course à pied l'après-midi;11,37;01h 06m 48s;4008;5'52;4'45;4'57;5'02;5'53;;;5'43;5'53;;;;;5'15
sam. 22 novembre 2014 - 13:20;Course à pied l'après-midi;11,31;01h 07m 10s;4030;5'56;4'35;5'15;5'30;5'58;;;5'53;5'58;;;;;5'33
dim. 16 novembre 2014 - 14:24;Course à pied l'après-midi;6,62;39m 41s;2381;5'59;4'45;5'10;5'32;;;;6'02;;;;;;5'45
sam. 15 novembre 2014 - 15:38;Bagnoles-de-l'Orne;6,44;45m 39s;2739;7'05;4'05;5'07;5'30;;;;6'43;;;;;;6'21
mar. 11 novembre 2014 - 11:36;Course à pied le midi;6,02;34m 01s;2041;5'39;5'05;5'10;5'19;;;;5'38;;;;;;5'26
dim. 09 novembre 2014 - 09:56;Course à pied matinale;11,22;01h 07m 11s;4031;5'59;4'20;5'02;5'22;6'00;;;5'55;6'00;;;;;5'38
ven. 07 novembre 2014 - 16:42;Course à pied l'après-midi;6,04;36m 38s;2198;6'03;4'35;5'00;5'31;;;;6'02;;;;;;5'53
dim. 02 novembre 2014 - 09:43;Course à pied matinale;6,03;35m 42s;2142;5'55;4'55;5'07;5'30;;;;5'55;;;;;;5'33
sam. 01 novembre 2014 - 11:13;Course à pied le midi;11,15;01h 11m 35s;4295;6'25;5'10;5'17;5'30;6'23;;;6'01;6'22;;;;;5'37
jeu. 30 octobre 2014 - 12:14;Course à pied;9,40;01h 12m 48s;4368;7'44;5'05;5'12;5'25;;;;6'08;7'52;;;;;5'38
dim. 26 octobre 2014 - 13:59;Course à pied l'après-midi;1,16;06m 04s;364;5'12;4'45;4'50;5'09;;;;;;;;;;
dim. 26 octobre 2014 - 11:27;Course à pied le midi;10,53;01h 00m 46s;3646;5'46;4'25;4'40;4'53;5'47;;;5'32;5'46;;;;;5'06
ven. 24 octobre 2014 - 16:41;Course à pied l'après-midi;6,01;34m 54s;2094;5'48;4'05;4'45;5'15;;;;5'47;;;;;;5'23
dim. 19 octobre 2014 - 11:59;Course à pied le midi;6,58;40m 39s;2439;6'10;5'05;5'20;5'26;;;;6'04;;;;;;5'34
sam. 18 octobre 2014 - 10:23;Course à pied matinale;9,39;01h 01m 30s;3690;6'33;4'45;5'05;5'40;;;;6'17;6'32;;;;;5'53
jeu. 16 octobre 2014 - 12:12;Course à pied le midi;9,99;01h 09m 05s;4145;6'55;5'15;5'40;5'49;;;;6'23;6'58;;;;;6'01
dim. 12 octobre 2014 - 13:52;Course à pied l'après-midi;6,94;41m 10s;2470;5'55;4'45;4'57;5'11;;;;5'49;;;;;;5'23
sam. 11 octobre 2014 - 13:38;Course à pied l'après-midi;11,17;01h 10m 25s;4225;6'18;4'50;5'17;5'40;6'20;;;6'13;6'21;;;;;5'50
dim. 05 octobre 2014 - 13:44;Course à pied l'après-midi;6,66;40m 32s;2432;6'05;4'50;5'05;5'22;;;;5'59;;;;;;5'36
sam. 04 octobre 2014 - 14:08;Course à pied l'après-midi;10,02;01h 03m 15s;3795;6'18;5'00;5'22;5'32;6'18;;;6'09;6'20;;;;;5'45
dim. 28 septembre 2014 - 13:54;Course à pied l'après-midi;6,66;46m 11s;2771;6'56;5'05;5'37;5'48;;;;6'23;;;;;;5'54
sam. 27 septembre 2014 - 13:34;Course à pied l'après-midi;11,27;01h 20m 26s;4826;7'08;5'15;5'27;5'36;6'59;;;6'19;6'44;;;;;5'48
jeu. 25 septembre 2014 - 12:30;Course à pied;8,70;01h 06m 58s;4018;7'41;4'40;5'12;5'52;;;;6'16;7'51;;;;;6'12
dim. 21 septembre 2014 - 09:34;Course à pied matinale;5,78;35m 54s;2154;6'12;4'55;5'12;5'39;;;;6'09;;;;;;5'57
sam. 20 septembre 2014 - 14:55;Course à pied;12,00;01h 17m 27s;4647;6'27;2'10;3'52;4'43;6'21;;;6'16;6'23;;;;;5'49
dim. 14 septembre 2014 - 09:41;Course à pied matinale;8,25;55m 30s;3330;6'43;5'30;5'42;6'12;;;;6'30;;;;;;6'18
sam. 13 septembre 2014 - 09:34;Course à pied matinale;7,41;48m 36s;2916;6'33;5'25;5'42;6'00;;;;6'26;;;;;;6'18
dim. 07 septembre 2014 - 08:33;Course à pied matinale;5,82;36m 09s;2169;6'12;4'35;5'12;5'46;;;;6'12;;;;;;5'59
sam. 30 août 2014 - 10:48;Course à pied matinale;11,41;01h 19m 51s;4791;6'59;5'15;5'40;6'01;6'50;;;6'23;6'44;;;;;6'05
mer. 27 août 2014 - 12:21;Course à pied le midi;9,90;01h 08m 29s;4109;6'54;4'45;5'00;5'32;;;;6'12;6'49;;;;;5'49
dim. 24 août 2014 - 15:22;Course à pied l'après-midi;5,87;38m 57s;2337;6'37;5'20;5'32;6'17;;;;6'39;;;;;;6'30
mar. 19 août 2014 - 12:21;Sortie à vélo le midi;9,38;01h 11m 38s;4298;7'38;2'35;3'50;5'33;;;;6'45;7'14;;;;;6'19
sam. 21 juin 2014 - 16:15;Course à pied l'après-midi;5,72;40m 53s;2453;7'08;5'45;5'57;6'15;;;;7'05;;;;;;6'34
dim. 01 juin 2014 - 11:36;Course à pied le midi;5,84;45m 39s;2739;7'48;4'55;5'27;5'55;;;;7'44;;;;;;6'20
lun. 05 mai 2014 - 10:41;Course à pied matinale;7,37;54m 52s;3292;7'26;5'50;6'05;6'23;;;;7'00;;;;;;6'41
dim. 27 avril 2014 - 11:10;Course à pied le midi;6,00;41m 51s;2511;6'58;5'05;5'32;6'08;;;;7'01;;;;;;6'33
dim. 20 avril 2014 - 10:58;Course à pied matinale;7,86;58m 36s;3516;7'27;5'15;5'35;6'08;;;;7'07;;;;;;6'34
sam. 22 mars 2014 - 15:11;Course à pied l'après-midi;2,06;13m 18s;798;6'27;5'10;5'45;6'04;;;;;;;;;;6'08
sam. 08 mars 2014 - 17:11;Course à pied l'après-midi;5,71;41m 11s;2471;7'13;5'15;6'12;6'50;;;;7'15;;;;;;6'58
sam. 15 février 2014 - 15:29;Course à pied l'après-midi;7,04;50m 46s;3046;7'12;6'10;6'17;6'26;;;;7'05;;;;;;6'31
sam. 08 février 2014 - 15:25;Course à pied l'après-midi;6,85;48m 27s;2907;7'04;6'00;6'10;6'20;;;;6'50;;;;;;6'26
sam. 25 janvier 2014 - 15:30;Course à pied l'après-midi;6,03;43m 15s;2595;7'10;6'15;6'22;6'37;;;;7'01;;;;;;6'37
sam. 19 octobre 2013 - 16:55;Course à pied l'après-midi;5,74;41m 16s;2476;7'11;5'30;6'00;6'15;;;;7'11;;;;;;6'34
sam. 28 septembre 2013 - 14:36;Course à pied l'après-midi;8,35;58m 39s;3519;7'01;5'15;5'27;5'55;;;;6'36;;;;;;5'59
sam. 07 septembre 2013 - 15:55;Course à pied l'après-midi;6,11;37m 10s;2230;6'05;4'35;5'12;5'23;;;;5'58;;;;;;5'35
sam. 03 août 2013 - 09:36;Course à pied matinale;11,14;01h 15m 51s;4551;6'48;4'20;5'00;5'38;6'45;;;6'15;6'40;;;;;5'51
mar. 16 juillet 2013 - 09:18;Course à pied matinale;6,15;48m 12s;2892;7'50;6'30;6'52;7'11;;;;7'42;;;;;;7'12
dim. 26 mai 2013 - 09:35;Course à pied matinale;4,98;31m 06s;1866;6'14;5'00;5'20;5'49;;;;6'15;;;;;;5'51
lun. 20 mai 2013 - 10:52;Course à pied matinale;6,38;43m 42s;2622;6'50;6'05;6'07;6'21;;;;6'47;;;;;;6'32
sam. 18 mai 2013 - 14:43;Course à pied l'après-midi;6,97;47m 12s;2832;6'46;4'45;5'15;5'35;;;;6'38;;;;;;5'54
ven. 10 mai 2013 - 10:27;Course à pied matinale;5,86;40m 21s;2421;6'53;5'25;5'47;6'08;;;;6'47;;;;;;6'26
sam. 04 mai 2013 - 07:02;Course à pied matinale;8,75;01h 03m 06s;3786;7'12;5'35;5'50;5'57;;;;6'47;7'13;;;;;6'06
sam. 27 avril 2013 - 10:14;Course à pied matinale;11,29;01h 21m 22s;4882;7'12;5'35;5'57;6'10;7'12;;;6'47;7'10;;;;;6'14
sam. 20 avril 2013 - 09:08;Course à pied matinale;6,02;38m 54s;2334;6'27;5'05;5'22;5'53;;;;6'29;;;;;;6'00
lun. 01 avril 2013 - 13:55;Course à pied l'après-midi;5,99;42m 18s;2538;7'03;6'15;6'25;6'43;;;;7'06;;;;;;6'43
sam. 30 mars 2013 - 14:40;Course à pied l'après-midi;7,08;47m 33s;2853;6'43;5'40;5'52;6'19;;;;6'43;;;;;;6'26
dim. 30 décembre 2012 - 07:43;Sortie à Ouled Driss;8,09;54m 38s;3278;6'45;4'50;5'17;5'40;;;;6'30;;;;;;6'03
sam. 15 décembre 2012 - 14:42;Course à pied l'après-midi;8,05;51m 42s;3102;6'25;4'55;5'17;5'32;;;;6'11;;;;;;5'33
dim. 02 décembre 2012 - 11:26;Course à pied le midi;9,77;01h 03m 35s;3815;6'30;4'55;5'15;5'26;;;;6'15;6'32;;;;;5'34
sam. 24 novembre 2012 - 14:26;Course à pied l'après-midi;7,97;51m 40s;3100;6'29;4'45;5'02;5'19;;;;6'11;;;;;;5'32
sam. 10 novembre 2012 - 14:55;Course à pied l'après-midi;9,84;01h 06m 34s;3994;6'45;4'55;5'15;5'42;;;;6'12;6'48;;;;;5'48
sam. 03 novembre 2012 - 11:04;Course à pied le midi;9,83;01h 05m 25s;3925;6'39;5'05;5'10;5'40;;;;6'27;6'41;;;;;5'50
mar. 30 octobre 2012 - 12:26;Sortie le midi;9,21;01h 00m 21s;3621;6'33;5'20;5'42;5'57;;;;6'16;6'33;;;;;6'06
sam. 27 octobre 2012 - 11:53;Course à pied le midi;11,30;01h 16m 08s;4568;6'44;4'40;5'12;5'41;6'45;;;6'23;6'45;;;;;5'50
sam. 20 octobre 2012 - 13:27;Course à pied l'après-midi;11,29;01h 17m 54s;4674;6'54;5'20;5'42;5'47;6'55;;;6'31;6'55;;;;;5'54
sam. 13 octobre 2012 - 10:03;Course à pied matinale;9,81;01h 04m 33s;3873;6'34;5'15;5'25;5'35;;;;6'19;6'34;;;;;5'40
sam. 06 octobre 2012 - 11:00;Course à pied le midi;9,82;01h 09m 28s;4168;7'04;4'55;5'22;5'35;;;;6'24;7'01;;;;;5'39
mar. 11 septembre 2012 - 12:05;Sortie à vélo le midi;9,26;01h 01m 33s;3693;6'38;1'55;3'35;5'16;;;;6'10;6'38;;;;;5'46
sam. 08 septembre 2012 - 09:55;Course à pied matinale;11,31;01h 13m 10s;4390;6'28;5'30;5'47;5'57;6'30;;;6'22;6'30;;;;;6'05
sam. 01 septembre 2012 - 10:55;Course à pied matinale;9,24;57m 47s;3467;6'15;4'55;5'27;5'50;;;;6'09;;;;;;5'55
jeu. 30 août 2012 - 12:27;Course à pied le midi;9,22;01h 01m 47s;3707;6'41;4'25;5'00;5'43;;;;6'05;6'40;;;;;5'54
mar. 21 août 2012 - 12:17;Course à pied le midi;8,15;53m 37s;3217;6'34;5'25;5'32;5'39;;;;6'16;;;;;;5'54
mer. 15 août 2012 - 14:45;Course à pied l'après-midi;6,99;46m 09s;2769;6'36;4'15;5'00;5'32;;;;6'14;;;;;;5'37
dim. 22 juillet 2012 - 10:15;Course à pied matinale;7,67;54m 03s;3243;7'02;5'40;6'17;6'22;;;;6'46;;;;;;6'35
sam. 21 juillet 2012 - 09:12;Course à pied matinale;8,06;58m 02s;3482;7'11;5'45;6'22;6'48;;;;6'57;;;;;;6'54
sam. 14 juillet 2012 - 10:20;Morning Run;10,94;01h 14m 36s;4476;6'49;4'35;5'27;5'45;6'50;;;6'41;6'49;;;;;6'07
sam. 14 juillet 2012 - 10:20;Course à pied matinale;10,94;01h 14m 36s;4476;6'49;4'35;5'27;5'45;6'50;;;6'41;6'49;;;;;6'07
dim. 08 juillet 2012 - 10:32;Course à pied matinale;6,95;45m 24s;2724;6'31;5'10;5'22;5'41;;;;6'21;;;;;;5'49
sam. 30 juin 2012 - 10:59;Course à pied matinale;11,11;01h 17m 29s;4649;6'58;5'15;5'32;5'35;6'57;;;6'28;6'51;;;;;5'47
sam. 23 juin 2012 - 15:00;Course à pied l'après-midi;11,28;01h 22m 52s;4972;7'20;6'15;6'20;6'32;7'22;;;7'01;7'20;;;;;6'33
dim. 17 juin 2012 - 10:13;Course à pied matinale;12,30;01h 23m 38s;5018;6'48;5'45;5'52;6'07;6'43;;;6'33;6'41;;;;;6'14
mar. 12 juin 2012 - 12:19;Course à pied le midi;9,18;59m 56s;3596;6'31;3'25;4'47;5'45;;;;6'22;;;;;;6'10
sam. 09 juin 2012 - 12:56;Course à pied le midi;11,28;01h 19m 36s;4776;7'03;5'40;6'00;6'15;7'05;;;6'51;7'05;;;;;6'16
sam. 26 mai 2012 - 09:40;Course à pied matinale;12,09;01h 26m 59s;5219;7'11;5'55;6'07;6'15;7'08;;;6'43;7'01;;;;;6'17
sam. 19 mai 2012 - 17:24;Course à pied l'après-midi;6,97;47m 27s;2847;6'48;5'30;5'45;6'07;;;;6'49;;;;;;6'26
sam. 05 mai 2012 - 14:35;Course à pied l'après-midi;11,26;01h 20m 09s;4809;7'06;6'10;6'25;6'38;7'03;;;6'52;7'00;;;;;6'45
mar. 01 mai 2012 - 09:31;Course à pied matinale;11,24;01h 13m 17s;4397;6'31;5'25;5'37;5'53;6'27;;;6'17;6'25;;;;;6'02
sam. 28 avril 2012 - 10:18;Course à pied matinale;11,28;01h 16m 35s;4595;6'47;5'15;5'42;6'05;6'47;;;6'29;6'49;;;;;6'23
sam. 21 avril 2012 - 10:27;Course à pied matinale;11,27;01h 20m 59s;4859;7'11;6'00;6'25;6'38;7'13;;;6'58;7'13;;;;;6'44
jeu. 19 avril 2012 - 10:26;Course à pied matinale;5,00;33m 13s;1993;6'38;3'30;5'22;6'12;;;;6'33;;;;;;6'17
mer. 18 avril 2012 - 09:31;Course à pied matinale;5,10;32m 56s;1976;6'27;5'20;5'50;6'09;;;;6'28;;;;;;6'17
mar. 17 avril 2012 - 09:43;Course à pied matinale;9,59;01h 05m 27s;3927;6'49;4'00;5'15;6'08;;;;6'39;6'50;;;;;6'18
mer. 11 avril 2012 - 12:26;Course à pied le midi;6,81;45m 07s;2707;6'37;3'55;5'10;5'55;;;;6'33;;;;;;6'15
lun. 09 avril 2012 - 09:37;Course à pied matinale;22,51;02h 48m 51s;10131;7'30;6'20;6'40;7'00;7'26;7'30;;7'17;7'26;7'28;;;;7'04
sam. 07 avril 2012 - 09:31;Course à pied matinale;12,29;01h 28m 24s;5304;7'11;6'25;6'37;6'42;7'13;;;7'00;7'11;;;;;6'49
sam. 31 mars 2012 - 09:55;Course à pied matinale;13,92;01h 47m 54s;6474;7'45;6'15;6'30;6'45;7'45;;;7'23;7'42;;;;;6'53
sam. 24 mars 2012 - 09:53;Course à pied matinale;12,28;01h 29m 39s;5379;7'18;5'50;6'22;6'32;7'19;;;6'58;7'12;;;;;6'36
sam. 10 mars 2012 - 10:13;Course à pied matinale;11,29;01h 20m 36s;4836;7'08;5'50;6'20;6'33;7'09;;;7'00;7'11;;;;;6'36
sam. 03 mars 2012 - 10:15;Course à pied matinale;11,39;01h 22m 40s;4960;7'15;5'45;5'55;6'22;7'17;;;7'01;7'20;;;;;6'24
sam. 25 février 2012 - 09:38;Course à pied matinale;12,45;01h 31m 20s;5480;7'20;6'10;6'17;6'25;7'13;;;6'57;7'03;;;;;6'30
sam. 18 février 2012 - 13:51;Course à pied l'après-midi;11,28;01h 22m 44s;4964;7'19;5'45;6'10;6'35;7'22;;;7'09;7'23;;;;;6'41
sam. 11 février 2012 - 11:11;Course à pied le midi;11,13;01h 17m 52s;4672;6'59;6'15;6'20;6'24;6'59;;;6'42;6'56;;;;;6'30
sam. 04 février 2012 - 10:58;Course à pied matinale;11,11;01h 20m 33s;4833;7'14;5'30;5'57;6'35;7'14;;;7'03;7'13;;;;;6'38
sam. 28 janvier 2012 - 15:49;Course à pied l'après-midi;11,11;01h 24m 17s;5057;7'35;5'55;6'05;6'24;7'34;;;7'08;7'27;;;;;6'34
sam. 21 janvier 2012 - 15:24;Course à pied l'après-midi;11,12;01h 23m 41s;5021;7'31;5'40;6'05;6'27;7'30;;;7'04;7'24;;;;;6'26
sam. 14 janvier 2012 - 14:51;Course à pied l'après-midi;11,13;01h 18m 35s;4715;7'03;4'55;5'42;6'00;7'02;;;6'47;7'00;;;;;6'12
mar. 03 janvier 2012 - 12:24;Course à pied le midi;9,11;01h 06m 04s;3964;7'15;5'25;5'45;5'53;;;;6'43;7'12;;;;;6'05
jeu. 29 décembre 2011 - 13:25;Course à pied l'après-midi;13,49;01h 43m 01s;6181;7'38;5'30;5'40;6'06;7'32;;;7'18;7'36;;;;;6'24
mar. 27 décembre 2011 - 14:35;Course à pied l'après-midi;11,52;01h 21m 55s;4915;7'06;4'50;5'00;6'05;7'10;;;6'48;7'14;;;;;6'17
lun. 26 décembre 2011 - 15:37;Course à pied l'après-midi;11,12;01h 19m 35s;4775;7'09;5'30;5'55;6'04;7'10;;;6'52;7'05;;;;;6'08
;;=SOMME($C2:$C564);;=SOMME($E2:$E564);
