Date;Description;Distance (km);Time;Time (seconds);Speed (km/h);Best 250m (km/h);Best 500m (km/h);Best 1000m (km/h);Best 5km (km/h);Best 10km (km/h);Best 20km (km/h);Best 50km (km/h);Best 100km (km/h);Best 30 min (km/h);Best 1 h (km/h);Best 2 h (km/h);Best 3 h (km/h);Best 4 h (km/h);Best 5 h (km/h);Max gradient for 250 m (%);Max gradient for 500 m (%);Max gradient for 1000 m (%);Max gradient for 5 km (%);Max gradient for 10 km (%);Max gradient for 20 km (%)
lun. 12 septembre 2022 - 07:34;Aller boulot;5,24;16m 15s;975;19,36;28,13;26,09;23,23;20,02;;;;;;;;;;;3,20;2,24;1,44;0,08;;
dim. 11 septembre 2022 - 07:41;Les Roch des monts d’Arrée 2022 avec Clément;85,84;07h 03m 37s;25417;12,16;60,00;58,06;52,94;19,76;18,16;14,86;12,02;;17,98;15,04;14,00;13,50;12,09;12,20;14,16;10,40;8,58;3,24;1,49;1,10
ven. 09 septembre 2022 - 17:10;Retour boulot;5,34;13m 52s;832;23,09;34,62;33,33;32,14;24,86;;;;;;;;;;;2,96;2,20;1,82;0,51;;
ven. 09 septembre 2022 - 07:32;Sortie vélo le matin;5,25;16m 19s;979;19,30;26,47;25,00;22,36;19,91;;;;;;;;;;;5,20;4,24;3,52;0,82;;
jeu. 08 septembre 2022 - 17:35;Retour boulot;5,30;12m 11s;731;26,11;47,37;43,90;40,00;27,73;;;;;;;;;;;4,00;1,96;1,60;0,27;;
jeu. 08 septembre 2022 - 07:33;Aller boulot;5,25;17m 24s;1044;18,10;23,08;22,50;21,05;18,99;;;;;;;;;;;2,88;2,24;1,28;;;
mer. 07 septembre 2022 - 17:57;Retour boulot;5,27;13m 44s;824;23,00;30,00;27,69;27,48;24,56;;;;;;;;;;;3,12;2,32;2,08;0,23;;
mer. 07 septembre 2022 - 07:36;Aller boulot;5,24;16m 10s;970;19,44;28,13;26,09;23,84;20,36;;;;;;;;;;;2,68;1,66;1,06;;;
mar. 06 septembre 2022 - 17:32;Retour boulot;5,29;13m 33s;813;23,42;37,50;36,00;33,64;25,32;;;;;;;;;;;2,88;2,36;1,84;0,38;;
mar. 06 septembre 2022 - 07:36;Aller boulot;5,24;16m 10s;970;19,45;28,13;26,09;23,84;20,29;;;;;;;;;;;2,32;1,72;1,26;;;
lun. 05 septembre 2022 - 17:33;Retour boulot;5,32;15m 40s;940;20,38;31,03;29,51;28,80;21,61;;;;;;;;;;;5,84;2,28;1,68;0,38;;
lun. 05 septembre 2022 - 07:31;Aller boulot;5,24;16m 37s;997;18,94;24,32;23,08;21,30;19,63;;;;;;;;;;;2,96;1,88;1,10;0,20;;
dim. 04 septembre 2022 - 08:49;Sortie VTT Nouvoitou AROD;42,09;03h 20m 12s;12012;12,61;50,00;40,91;27,91;18,91;17,90;15,91;;;18,36;17,33;13,97;13,08;;;7,76;4,60;2,48;0,76;0,29;0,12
ven. 02 septembre 2022 - 17:30;Retour boulot;5,26;14m 20s;860;22,04;33,33;31,58;30,77;23,72;;;;;;;;;;;3,12;2,60;2,04;0,39;;
ven. 02 septembre 2022 - 07:33;Aller boulot;5,21;17m 34s;1054;17,79;25,00;21,95;21,05;18,99;;;;;;;;;;;2,64;1,88;0,94;;;
jeu. 01 septembre 2022 - 18:18;Sortie vélo en soirée;5,35;14m 56s;896;21,50;37,50;36,00;35,29;22,90;;;;;;;;;;;3,52;1,92;1,56;0,45;;
jeu. 01 septembre 2022 - 08:03;Aller boulot;5,22;16m 12s;972;19,33;30,00;27,27;23,84;20,11;;;;;;;;;;;2,88;1,80;1,10;;;
mer. 31 août 2022 - 18:58;Retour boulot;5,26;12m 45s;765;24,77;33,33;32,14;30,51;26,05;;;;;;;;;;;2,72;2,20;1,64;0,16;;
mer. 31 août 2022 - 08:14;Aller boulot;5,26;12m 58s;778;24,34;36,00;34,62;32,43;26,71;;;;;;;;;;;2,96;2,00;0,92;;;
mar. 30 août 2022 - 14:47;Retour boulot;5,30;14m 46s;886;21,52;31,03;30,00;29,03;22,90;;;;;;;;;;;2,56;1,68;1,12;0,25;;
mar. 30 août 2022 - 08:02;Aller boulot;5,24;13m 28s;808;23,34;32,14;31,58;30,00;24,49;;;;;;;;;;;2,88;1,48;1,10;0,05;;
lun. 29 août 2022 - 18:05;Retour boulot;5,30;14m 23s;863;22,11;33,33;31,58;30,77;23,50;;;;;;;;;;;5,84;3,44;1,62;0,30;;
lun. 29 août 2022 - 08:24;Aller boulot;5,26;13m 30s;810;23,38;33,33;31,03;29,03;24,69;;;;;;;;;;;5,28;4,08;1,74;0,62;;
jeu. 25 août 2022 - 18:00;Retour boulot;5,29;14m 52s;892;21,35;33,33;31,03;30,00;22,81;;;;;;;;;;;4,00;1,76;1,30;0,30;;
jeu. 25 août 2022 - 12:02;Sortie vélo le midi;11,11;02h 15m 14s;8114;4,93;37,50;34,62;32,73;25,97;4,58;;;;2,83;2,83;2,83;;;;6,32;4,32;3,24;0,98;0,07;
jeu. 25 août 2022 - 08:05;Aller boulot;5,32;16m 22s;982;19,50;29,03;27,69;24,49;21,92;;;;;;;;;;;2,88;1,56;0,58;;;
mer. 24 août 2022 - 17:59;Retour boulot;5,30;18m 03s;1083;17,61;28,13;26,47;24,49;18,56;;;;;;;;;;;4,16;2,20;1,38;0,35;;
mer. 24 août 2022 - 08:27;Aller boulot;5,22;13m 18s;798;23,53;34,62;33,96;31,86;24,62;;;;;;;;;;;3,28;1,84;1,06;;;
mar. 23 août 2022 - 18:16;Retour boulot;5,35;18m 39s;1119;17,20;31,03;26,09;24,66;17,89;;;;;;;;;;;3,20;1,96;1,70;0,39;;
mar. 23 août 2022 - 08:21;Aller boulot;5,25;13m 10s;790;23,92;36,00;33,96;29,03;24,97;;;;;;;;;;;1,68;1,40;0,74;;;
sam. 20 août 2022 - 09:37;Petit sortie VTT avec Clement;44,20;03h 11m 09s;11469;13,87;42,86;39,13;30,77;24,26;21,56;18,28;;;21,31;18,97;16,51;14,18;;;8,24;5,88;3,38;0,88;0,53;0,28
ven. 19 août 2022 - 17:21;Retour boulot;5,31;16m 58s;1018;18,79;29,03;27,27;26,28;20,34;;;;;;;;;;;2,96;2,20;1,58;0,11;;
ven. 19 août 2022 - 08:16;Aller boulot;5,32;15m 49s;949;20,18;28,13;26,47;24,83;22,28;;;;;;;;;;;3,76;2,04;1,18;0,17;;
jeu. 18 août 2022 - 17:58;Retour boulot;5,32;15m 11s;911;21,02;31,03;30,51;28,57;22,70;;;;;;;;;;;4,40;1,96;1,34;0,35;;
jeu. 18 août 2022 - 08:13;Aller boulot;5,12;13m 34s;814;22,64;31,03;28,57;27,07;23,50;;;;;;;;;;;3,12;1,36;0,78;;;
mer. 17 août 2022 - 18:33;Retour boulot;5,26;12m 09s;729;25,99;33,33;32,14;31,86;27,15;;;;;;;;;;;3,68;2,08;1,88;0,45;;
mer. 17 août 2022 - 08:20;Aller boulot;5,21;14m 02s;842;22,26;34,62;33,33;30,00;23,41;;;;;;;;;;;2,96;1,44;1,08;;;
mar. 16 août 2022 - 18:16;Retour boulot;5,41;21m 40s;1300;14,97;34,62;32,14;31,86;24,39;;;;;;;;;;;3,12;1,84;1,62;0,36;;
mar. 16 août 2022 - 08:22;Aller boulot;4,76;13m 54s;834;20,55;32,14;29,03;26,67;;;;;;;;;;;;2,96;1,56;0,26;;;
jeu. 11 août 2022 - 17:53;Retour boulot;5,20;13m 33s;813;23,03;37,50;36,73;34,95;24,36;;;;;;;;;;;6,00;2,00;1,22;0,09;;
jeu. 11 août 2022 - 11:59;Sortie vélo le midi;9,15;01h 40m 01s;6001;5,49;42,86;40,00;37,11;3,48;;;;;3,21;3,21;;;;;11,84;6,28;3,50;1,51;;
jeu. 11 août 2022 - 08:20;Aller boulot;5,18;13m 25s;805;23,18;32,14;30,00;27,69;24,49;;;;;;;;;;;2,64;1,60;1,14;;;
mer. 10 août 2022 - 17:59;Retour boulot;5,57;37m 44s;2264;8,85;31,03;29,51;28,35;22,53;;;;;10,98;;;;;;6,64;3,04;2,16;0,12;;
mer. 10 août 2022 - 08:15;Aller boulot;5,21;13m 05s;785;23,89;33,33;31,58;29,75;25,21;;;;;;;;;;;2,80;1,72;1,20;;;
mar. 09 août 2022 - 17:59;Retour boulot;5,34;18m 09s;1089;17,67;32,14;32,14;30,00;21,90;;;;;;;;;;;3,68;1,68;1,40;0,19;;
mar. 09 août 2022 - 08:21;Aller boulot;5,18;13m 55s;835;22,32;31,03;29,03;27,07;23,56;;;;;;;;;;;3,12;1,64;1,07;;;
lun. 08 août 2022 - 18:11;Retour boulot;5,22;15m 25s;925;20,30;30,00;29,51;27,07;21,98;;;;;;;;;;;4,48;1,80;1,04;0,15;;
lun. 08 août 2022 - 08:21;Aller boulot;5,18;13m 55s;835;22,33;31,03;29,03;27,07;23,59;;;;;;;;;;;5,36;3,60;2,40;0,62;;
jeu. 04 août 2022 - 17:50;Retour boulot;5,25;15m 06s;906;20,85;31,03;29,51;28,13;22,03;;;;;;;;;;;3,04;1,84;1,44;0,33;;
jeu. 04 août 2022 - 07:58;Aller boulot;5,20;14m 43s;883;21,21;31,03;28,13;25,71;22,39;;;;;;;;;;;3,36;1,60;1,00;;;
mer. 03 août 2022 - 17:29;Retour boulot;6,36;37m 39s;2259;10,13;27,27;23,38;19,89;16,57;;;;;11,17;;;;;;9,04;4,96;1,82;0,48;;
mer. 03 août 2022 - 08:16;Aller boulot;5,21;13m 56s;836;22,45;32,14;30,00;26,47;23,44;;;;;;;;;;;3,76;1,88;1,46;0,50;;
mar. 02 août 2022 - 17:57;Retour boulot;5,24;14m 17s;857;22,02;33,33;32,14;31,58;24,29;;;;;;;;;;;4,00;2,48;1,70;0,22;;
mar. 02 août 2022 - 08:18;Aller boulot;5,21;13m 23s;803;23,36;36,00;32,14;28,57;24,52;;;;;;;;;;;2,80;1,72;1,12;;;
lun. 01 août 2022 - 17:35;Retour boulot;5,57;32m 33s;1953;10,26;23,08;21,69;20,22;16,59;;;;;11,01;;;;;;3,68;1,88;1,40;0,31;;
lun. 01 août 2022 - 08:18;Aller boulot;5,22;15m 16s;916;20,52;31,03;30,51;27,07;22,99;;;;;;;;;;;2,48;1,52;0,88;;;
dim. 31 juillet 2022 - 10:24;Sortie VTT avec Gildas;44,77;02h 22m 59s;8579;18,79;36,00;34,62;33,64;22,53;22,14;20,92;;;22,04;20,81;19,03;;;;13,12;9,32;5,38;1,80;0,91;0,40
ven. 29 juillet 2022 - 17:24;Retour boulot;5,24;12m 50s;770;24,49;32,14;31,03;29,75;25,60;;;;;;;;;;;5,44;2,04;1,64;0,30;;
ven. 29 juillet 2022 - 08:27;Aller boulot;5,19;14m 06s;846;22,10;33,33;30,51;28,35;23,87;;;;;;;;;;;3,84;1,88;1,32;0,10;;
jeu. 28 juillet 2022 - 18:21;Retour boulot;7,20;28m 26s;1706;15,20;32,14;30,51;28,57;21,20;;;;;;;;;;;11,52;7,28;2,50;0,44;;
jeu. 28 juillet 2022 - 08:29;Aller boulot;5,20;12m 54s;774;24,19;36,00;33,33;31,03;25,64;;;;;;;;;;;3,84;1,16;0,90;;;
mer. 27 juillet 2022 - 18:07;Retour boulot;5,01;16m 11s;971;18,59;36,00;35,29;34,62;18,83;;;;;;;;;;;10,88;5,80;3,04;0,15;;
mer. 27 juillet 2022 - 08:13;Aller boulot;5,21;13m 02s;782;23,97;33,33;31,58;30,00;26,01;;;;;;;;;;;3,20;1,80;1,52;0,17;;
mar. 26 juillet 2022 - 18:15;Retour boulot;7,00;32m 46s;1966;12,83;25,71;24,32;21,95;16,62;;;;;12,74;;;;;;11,60;5,48;1,68;0,50;;
mar. 26 juillet 2022 - 08:32;Aller boulot;5,18;13m 57s;837;22,27;34,62;32,73;30,00;23,14;;;;;;;;;;;5,52;2,20;1,26;0,02;;
lun. 25 juillet 2022 - 18:09;Retour boulot;5,24;12m 33s;753;25,06;36,00;35,29;34,95;26,71;;;;;;;;;;;4,72;1,92;1,56;0,39;;
lun. 25 juillet 2022 - 08:17;Aller boulot;5,39;15m 04s;904;21,45;33,33;30,51;27,69;22,84;;;;;;;;;;;3,20;1,92;1,02;0,16;;
ven. 22 juillet 2022 - 17:53;Retour boulot;5,23;14m 50s;890;21,15;31,03;30,00;29,03;23,47;;;;;;;;;;;4,48;2,12;1,94;0,49;;
ven. 22 juillet 2022 - 08:07;Aller boulot;5,21;13m 50s;830;22,58;33,33;31,03;27,48;23,68;;;;;;;;;;;3,28;1,60;1,14;0,09;;
jeu. 21 juillet 2022 - 18:18;Retour boulot;5,32;19m 25s;1165;16,44;25,00;23,08;21,69;17,22;;;;;;;;;;;6,16;2,12;1,50;0,34;;
jeu. 21 juillet 2022 - 08:16;Aller boulot;5,20;14m 33s;873;21,43;32,14;29,51;26,09;22,58;;;;;;;;;;;3,60;1,60;1,04;;;
mer. 20 juillet 2022 - 18:15;Retour boulot;5,25;17m 17s;1037;18,22;27,27;26,87;23,08;19,03;;;;;;;;;;;3,92;2,04;1,52;0,40;;
mer. 20 juillet 2022 - 08:34;Aller retour;5,20;14m 32s;872;21,49;40,91;34,62;29,03;22,70;;;;;;;;;;;3,52;1,84;1,18;0,03;;
mar. 19 juillet 2022 - 18:16;Retour boulot;5,33;18m 11s;1091;17,59;32,14;30,00;26,67;19,25;;;;;;;;;;;3,92;2,00;1,42;0,33;;
mar. 19 juillet 2022 - 08:19;Aller boulot;5,20;12m 54s;774;24,18;33,33;32,14;30,25;25,64;;;;;;;;;;;4,80;1,76;1,10;;;
lun. 18 juillet 2022 - 12:59;Retour boulot;4,56;13m 13s;793;20,72;27,27;26,47;25,53;;;;;;;;;;;;3,76;2,24;1,74;;;
lun. 18 juillet 2022 - 07:59;Aller boulot;5,25;12m 00s;720;26,23;36,00;33,96;32,14;27,86;;;;;;;;;;;4,00;3,16;2,84;0,77;;
sam. 16 juillet 2022 - 09:50;Sortie VTT le matin;41,06;02h 06m 50s;7610;19,42;42,86;36,73;33,64;23,35;21,10;19,97;;;20,45;19,95;19,49;;;;6,32;4,52;2,48;0,66;0,28;0,17
jeu. 14 juillet 2022 - 09:30;Saint-Lary - Col du Portet (2215 m);38,45;03h 48m 53s;13733;10,08;64,29;64,29;58,06;41,67;38,88;19,30;;;35,49;19,79;13,47;10,70;;;18,24;17,60;15,25;9,67;8,44;7,27
mar. 12 juillet 2022 - 07:29;Saint-Lary-Soulan - Col du Tourmalet (2115 m) via La Hourquette d’Acizan (1564 m);93,78;07h 43m 34s;27814;12,14;64,29;62,07;56,25;49,72;46,27;23,19;12,94;;31,95;21,53;15,54;15,18;12,71;11,69;12,72;12,22;11,36;9,05;8,73;5,93
lun. 11 juillet 2022 - 10:03;Sortie VTT le matin;15,56;01h 29m 27s;5367;10,44;40,91;34,62;28,35;16,62;14,51;;;;14,04;12,39;;;;;25,52;11,24;9,48;1,72;0,59;
sam. 09 juillet 2022 - 08:30;Bourisp - Col d’Aspin (1490 m);45,55;02h 51m 15s;10275;15,96;60,00;60,00;58,06;46,04;42,70;29,16;;;31,42;22,75;15,41;;;;9,52;9,12;8,62;7,62;6,88;3,50
ven. 08 juillet 2022 - 16:26;Saint-Lary-Soulan - Col d’Azet (1580 m);28,53;02h 15m 43s;8143;12,61;60,00;56,25;51,43;42,65;38,59;16,58;;;31,00;18,29;12,92;;;;10,72;9,60;9,22;8,19;7,15;2,12
mer. 06 juillet 2022 - 08:55;Torla - Collata Zebollar (1907 m);29,40;02h 46m 02s;9962;10,62;47,37;45,00;37,50;28,44;25,75;13,25;;;25,44;17,24;11,42;;;;14,88;10,56;9,18;8,22;7,66;2,44
lun. 04 juillet 2022 - 09:34;Torla - Bajaruelo (1458 m);20,10;01h 31m 15s;5475;13,22;45,00;42,86;37,89;30,25;23,81;13,24;;;20,26;14,60;;;;;15,04;10,20;7,74;5,17;3,68;0,02
sam. 02 juillet 2022 - 08:25;Torla - Punta Acuta (2242 m);31,04;03h 55m 41s;14141;7,90;32,14;27,27;25,90;22,76;20,58;11,39;;;20,59;16,42;10,73;8,80;;;17,88;15,78;14,95;11,27;9,77;4,78
mar. 28 juin 2022 - 18:39;Retour boulot;7,18;20m 44s;1244;20,78;33,33;32,73;32,43;23,90;;;;;;;;;;;4,88;3,44;2,72;0,92;;
mar. 28 juin 2022 - 07:42;Aller boulot;5,26;16m 28s;988;19,17;31,03;29,51;26,67;21,61;;;;;;;;;;;2,08;1,76;1,36;0,12;;
lun. 27 juin 2022 - 17:53;Retour boulot;5,86;25m 17s;1517;13,90;28,13;25,71;23,23;15,50;;;;;;;;;;;9,92;6,20;1,14;0,46;;
lun. 27 juin 2022 - 08:03;Aller boulot;5,24;15m 11s;911;20,71;29,03;27,27;26,09;22,06;;;;;;;;;;;3,28;1,88;1,10;0,17;;
dim. 26 juin 2022 - 09:43;Sortie VTT le matin;30,11;01h 31m 53s;5513;19,66;50,00;43,90;35,64;26,01;22,54;18,96;;;22,84;19,10;;;;;8,08;5,64;3,48;0,95;0,56;0,19
ven. 24 juin 2022 - 17:52;Retour boulot;5,36;17m 07s;1027;18,78;33,33;32,14;30,77;24,19;;;;;;;;;;;2,24;1,76;1,22;0,18;;
ven. 24 juin 2022 - 08:18;Aller boulot;6,71;23m 00s;1380;17,51;32,14;30,00;28,13;24,26;;;;;;;;;;;5,20;2,84;1,56;0,32;;
jeu. 23 juin 2022 - 17:33;Retour boulot;6,87;01h 10m 44s;4244;5,83;31,03;30,51;29,03;5,49;;;;;2,25;5,56;;;;;11,20;5,44;2,82;0,24;;
jeu. 23 juin 2022 - 12:08;Sortie vélo le midi;4,49;01h 48m 10s;6490;2,49;29,03;27,69;26,47;;;;;;1,34;1,34;;;;;6,24;4,80;2,68;;;
jeu. 23 juin 2022 - 07:55;Aller boulot;6,71;23m 33s;1413;17,09;27,27;25,35;22,36;19,76;;;;;;;;;;;3,28;1,68;1,06;0,18;;
mer. 22 juin 2022 - 17:56;Retour boulot;5,64;17m 50s;1070;18,96;27,27;26,47;25,90;20,18;;;;;;;;;;;4,40;3,04;1,74;;;
mer. 22 juin 2022 - 08:06;Aller boulot;5,25;16m 09s;969;19,50;28,13;26,87;24,83;20,50;;;;;;;;;;;2,64;1,68;1,10;0,00;;
lun. 13 juin 2022 - 17:58;Retour boulot;5,34;20m 17s;1217;15,78;22,50;20,93;20,00;16,47;;;;;;;;;;;3,20;2,32;1,96;0,57;;
lun. 13 juin 2022 - 14:39;Aller retour dentiste;11,98;46m 13s;2773;15,55;31,03;30,00;27,69;24,26;14,98;;;;12,90;;;;;;11,20;6,28;2,70;0,95;0,14;
lun. 13 juin 2022 - 07:33;Aller boulot;5,26;15m 16s;916;20,66;27,27;25,71;23,53;21,48;;;;;;;;;;;2,88;1,60;1,26;0,21;;
dim. 12 juin 2022 - 08:45;Randonnée VTT de Liffré avec Cédric et Léo;55,73;04h 02m 22s;14542;13,80;45,00;36,73;33,96;26,47;24,21;15,05;13,46;;20,79;16,03;14,60;13,93;13,88;;11,84;7,12;4,80;1,00;0,49;0,31
sam. 11 juin 2022 - 14:02;Aller retour Décathlon;12,36;58m 51s;3531;12,60;34,62;32,14;28,13;22,90;11,90;;;;9,64;;;;;;4,96;3,20;2,68;0,64;0,10;
ven. 10 juin 2022 - 18:11;Retour boulot;5,25;15m 16s;916;20,65;31,03;29,51;29,03;22,25;;;;;;;;;;;4,40;2,08;1,56;0,52;;
ven. 10 juin 2022 - 07:40;Aller boulot;5,28;14m 13s;853;22,26;28,13;26,47;26,09;23,23;;;;;;;;;;;2,72;1,52;0,98;;;
jeu. 09 juin 2022 - 17:55;Retour boulot;5,25;13m 08s;788;24,00;37,50;36,00;34,95;26,09;;;;;;;;;;;4,56;2,04;1,46;0,31;;
jeu. 09 juin 2022 - 08:07;Aller boulot;5,25;16m 56s;1016;18,59;26,47;25,71;22,64;20,18;;;;;;;;;;;5,92;3,36;1,72;0,51;;
mer. 08 juin 2022 - 17:57;Retour boulot;5,39;23m 39s;1419;13,68;23,08;21,69;20,69;16,06;;;;;;;;;;;4,64;2,80;1,54;0,39;;
mer. 08 juin 2022 - 07:48;Aller boulot;5,23;15m 12s;912;20,65;30,00;28,13;27,69;21,69;;;;;;;;;;;2,72;1,80;1,26;0,13;;
mar. 07 juin 2022 - 18:01;Retour boulot;5,24;13m 06s;786;24,01;33,33;31,58;31,03;25,60;;;;;;;;;;;3,84;2,68;1,78;0,32;;
mar. 07 juin 2022 - 07:53;Aller boulot;5,25;15m 51s;951;19,88;30,00;27,69;26,28;20,76;;;;;;;;;;;3,12;1,80;1,38;0,09;;
lun. 06 juin 2022 - 09:11;VTT avec Clément;46,03;03h 05m 53s;11153;14,86;47,37;40,91;33,03;24,39;19,39;17,78;;;19,42;17,55;16,80;14,71;;;10,00;7,96;4,17;0,79;0,43;0,27
sam. 04 juin 2022 - 11:33;Aller retour Décathlon;12,37;01h 00m 41s;3641;12,23;37,50;33,96;30,25;25,60;11,32;;;;8,60;12,27;;;;;6,88;4,52;2,84;0,67;0,02;
ven. 03 juin 2022 - 18:15;Retour boulot;5,27;16m 29s;989;19,19;27,27;25,00;23,53;20,88;;;;;;;;;;;6,88;4,16;2,56;0,12;;
ven. 03 juin 2022 - 07:37;Aller boulot;5,25;15m 20s;920;20,54;28,13;26,47;26,28;21,58;;;;;;;;;;;2,88;1,60;1,00;;;
jeu. 02 juin 2022 - 18:23;Retour boulot;5,25;15m 04s;904;20,92;37,50;33,96;30,25;21,84;;;;;;;;;;;3,44;1,80;1,12;0,26;;
jeu. 02 juin 2022 - 13:54;Sortie vélo dans l'après-midi;4,64;16m 47s;1007;16,60;33,33;31,58;24,49;;;;;;;;;;;;9,04;4,24;2,30;;;
jeu. 02 juin 2022 - 12:02;Sortie vélo le midi;4,84;13m 31s;811;21,47;39,13;34,62;30,77;;;;;;;;;;;;3,12;2,64;1,34;;;
jeu. 02 juin 2022 - 07:44;Aller boulot;5,29;21m 20s;1280;14,89;29,03;28,57;25,35;21,53;;;;;;;;;;;3,12;2,08;1,80;0,46;;
mer. 01 juin 2022 - 18:06;Retour boulot;5,33;20m 04s;1204;15,92;27,27;23,38;20,69;17,46;;;;;;;;;;;4,72;3,08;1,44;0,53;;
mer. 01 juin 2022 - 12:28;Sortie vélo le midi;7,02;01h 20m 30s;4830;5,24;37,50;36,00;34,29;4,13;;;;;3,09;3,09;;;;;6,40;5,24;3,78;;;
mer. 01 juin 2022 - 07:52;Aller boulot;5,23;14m 35s;875;21,52;28,13;26,87;25,53;22,44;;;;;;;;;;;2,48;1,48;1,12;;;
mar. 31 mai 2022 - 18:12;Retour boulot;5,39;22m 40s;1360;14,28;28,13;24,66;22,22;14,86;;;;;;;;;;;12,64;6,44;5,42;0,50;;
mar. 31 mai 2022 - 07:41;Aller boulot;5,22;13m 53s;833;22,57;31,03;30,00;28,57;24,10;;;;;;;;;;;2,56;1,96;1,64;0,41;;
lun. 30 mai 2022 - 14:44;Retour boulot;6,05;19m 02s;1142;19,08;26,47;25,00;24,00;19,59;;;;;;;;;;;11,60;7,92;5,86;1,85;;
lun. 30 mai 2022 - 07:51;Aller boulot;5,25;14m 28s;868;21,78;31,03;30,51;29,03;23,65;;;;;;;;;;;3,12;1,64;1,08;;;
mer. 25 mai 2022 - 18:04;Retour boulot;5,43;14m 17s;857;22,82;34,62;33,33;32,14;24,06;;;;;;;;;;;3,12;2,28;2,12;0,36;;
mer. 25 mai 2022 - 07:33;Aller boulot;5,24;16m 22s;982;19,21;25,00;23,68;22,78;20,16;;;;;;;;;;;2,24;1,80;1,38;0,25;;
mar. 24 mai 2022 - 18:26;Retour boulot;5,34;14m 14s;854;22,51;32,14;32,14;31,30;23,78;;;;;;;;;;;5,20;3,12;2,62;0,64;;
mar. 24 mai 2022 - 07:35;Aller boulot;5,22;16m 41s;1001;18,78;26,47;24,32;21,95;19,65;;;;;;;;;;;2,56;1,68;1,16;;;
lun. 23 mai 2022 - 18:22;Retour boulot;5,27;16m 08s;968;19,61;28,13;26,87;26,47;21,10;;;;;;;;;;;3,68;2,96;2,42;0,50;;
lun. 23 mai 2022 - 07:51;Aller boulot;5,30;16m 38s;998;19,12;27,27;25,35;24,00;19,89;;;;;;;;;;;2,72;2,36;1,82;0,31;;
dim. 22 mai 2022 - 09:15;Vélo du matin;31,25;01h 57m 44s;7064;15,92;32,14;31,58;27,91;21,03;18,68;16,46;;;18,64;16,67;;;;;4,96;3,68;2,62;0,80;0,44;0,25
ven. 20 mai 2022 - 17:39;Retour boulot;5,59;33m 28s;2008;10,03;28,13;28,13;27,27;20,04;;;;;11,03;;;;;;3,12;2,60;1,98;0,19;;
ven. 20 mai 2022 - 07:32;Aller boulot;5,26;16m 34s;994;19,07;25,71;24,00;23,84;20,86;;;;;;;;;;;2,80;1,96;1,60;0,31;;
jeu. 19 mai 2022 - 18:10;Retour boulot;5,72;18m 05s;1085;18,98;28,13;26,87;26,28;20,48;;;;;;;;;;;4,08;2,36;1,50;0,31;;
jeu. 19 mai 2022 - 08:12;Aller boulot;5,29;16m 34s;994;19,15;28,13;25,71;23,68;20,00;;;;;;;;;;;3,76;2,48;0,68;;;
mer. 18 mai 2022 - 18:10;Retour boulot;5,28;13m 37s;817;23,26;32,14;30,51;30,25;24,66;;;;;;;;;;;4,64;2,96;1,56;0,29;;
mer. 18 mai 2022 - 13:28;Sortie à vélo l'après-midi;2,23;07m 08s;428;18,74;31,03;27,69;24,66;;;;;;;;;;;;4,48;3,52;1,88;;;
mer. 18 mai 2022 - 11:58;Sortie à vélo le midi;2,21;06m 21s;381;20,92;36,00;30,51;27,91;;;;;;;;;;;;3,44;2,56;1,24;;;
mer. 18 mai 2022 - 07:34;Aller boulot;5,28;16m 27s;987;19,26;27,27;25,35;22,93;20,86;;;;;;;;;;;2,16;1,72;1,44;0,19;;
mar. 17 mai 2022 - 17:43;Retour boulot;7,49;46m 25s;2785;9,68;36,00;33,96;33,33;23,41;;;;;10,28;;;;;;9,44;5,44;2,28;0,60;;
mar. 17 mai 2022 - 09:18;Aller boulot;5,22;13m 50s;830;22,64;30,00;28,57;26,67;24,69;;;;;;;;;;;2,32;1,68;1,20;;;
lun. 16 mai 2022 - 17:48;Retour boulot;5,26;14m 38s;878;21,58;34,62;29,51;28,35;22,64;;;;;;;;;;;5,04;2,76;1,26;0,29;;
lun. 16 mai 2022 - 07:53;Aller boulot;5,28;15m 41s;941;20,18;25,71;24,00;23,23;21,13;;;;;;;;;;;3,36;1,96;1,26;0,07;;
ven. 13 mai 2022 - 17:30;Retour boulot;5,35;16m 20s;980;19,65;29,03;28,13;27,07;21,18;;;;;;;;;;;5,84;3,80;3,48;0,85;;
ven. 13 mai 2022 - 09:47;Aller boulot;6,88;28m 14s;1694;14,62;30,00;26,87;23,23;13,71;;;;;;;;;;;6,72;3,12;1,40;0,14;;
jeu. 12 mai 2022 - 18:05;Retour boulot;5,44;29m 22s;1762;11,12;33,33;28,13;23,84;10,93;;;;;;;;;;;12,08;6,68;3,94;0,94;;
jeu. 12 mai 2022 - 07:33;Aller boulot;5,27;16m 35s;995;19,06;26,47;25,00;24,49;20,02;;;;;;;;;;;2,88;1,80;1,22;;;
mer. 11 mai 2022 - 18:11;Retour boulot;5,58;27m 56s;1676;11,99;31,03;29,51;28,13;14,71;;;;;;;;;;;5,68;2,88;2,34;0,71;;
mer. 11 mai 2022 - 07:33;Aller boulot;5,26;16m 25s;985;19,24;25,71;25,00;23,53;20,34;;;;;;;;;;;3,76;2,84;1,66;0,27;;
mar. 10 mai 2022 - 17:49;Retour boulot;6,53;18m 44s;1124;20,91;37,50;35,29;33,33;24,16;;;;;;;;;;;7,36;6,24;4,52;1,38;;
mar. 10 mai 2022 - 07:32;Aller boulot;5,36;17m 36s;1056;18,28;25,00;24,00;22,22;19,07;;;;;;;;;;;5,28;4,12;2,38;0,26;;
lun. 09 mai 2022 - 09:19;J3 - Sancerre - Les Aix-d’Angillon avec les Yellows;50,83;04h 35m 40s;16540;11,06;56,25;50,00;39,13;28,17;27,15;12,03;11,59;;26,84;16,31;13,28;11,85;11,84;;11,20;10,80;8,56;3,43;1,72;0,31
dim. 08 mai 2022 - 09:30;J2 - Henrichemont - Sancerre avec les Yellows;77,19;08h 28m 55s;30535;9,10;47,37;42,86;31,86;20,59;14,53;12,51;9,82;;17,08;13,71;12,25;11,33;10,44;9,81;19,60;12,52;7,82;1,54;1,18;0,59
sam. 07 mai 2022 - 10:55;J1 - Les Aix d’Angillon - Henrichemont avec les yellows;55,68;05h 09m 42s;18582;10,79;42,86;33,33;29,51;18,24;15,01;13,43;10,59;;15,91;14,09;13,34;10,85;10,76;10,69;10,56;9,08;6,62;1,92;1,00;0,66
ven. 06 mai 2022 - 17:41;Retour boulot;5,33;15m 13s;913;21,02;30,00;29,51;28,57;22,39;;;;;;;;;;;5,20;2,72;2,10;0,59;;
ven. 06 mai 2022 - 10:01;Aller boulot;6,48;16m 27s;987;23,63;36,00;31,58;29,75;25,35;;;;;;;;;;;3,12;1,64;0,96;;;
jeu. 05 mai 2022 - 18:12;Retour boulot;5,34;14m 32s;872;22,04;32,14;31,03;29,03;24,13;;;;;;;;;;;3,20;2,80;1,72;0,41;;
jeu. 05 mai 2022 - 07:33;Aller boulot;5,24;15m 05s;905;20,85;27,27;25,35;23,84;21,95;;;;;;;;;;;2,48;1,88;1,48;0,16;;
mer. 04 mai 2022 - 18:08;Retour boulot;5,34;20m 09s;1209;15,89;30,00;25,71;22,50;16,56;;;;;;;;;;;4,00;3,48;2,28;0,72;;
mer. 04 mai 2022 - 12:56;Aller boulot;5,26;14m 36s;876;21,62;31,03;29,51;27,07;23,11;;;;;;;;;;;3,52;3,44;1,68;0,30;;
mar. 03 mai 2022 - 17:52;Retour boulot;6,47;19m 56s;1196;19,48;31,03;30,00;29,03;22,76;;;;;;;;;;;5,92;5,76;3,92;1,07;;
mar. 03 mai 2022 - 07:42;Aller boulot;5,29;14m 26s;866;21,98;32,14;29,51;27,91;22,96;;;;;;;;;;;2,64;1,88;1,46;0,28;;
lun. 02 mai 2022 - 17:46;Retour boulot;5,43;22m 29s;1349;14,50;27,27;24,66;20,93;14,73;;;;;;;;;;;7,92;3,32;2,24;0,84;;
lun. 02 mai 2022 - 07:58;Aller boulot;5,28;14m 59s;899;21,16;30,00;27,69;26,87;22,53;;;;;;;;;;;2,88;1,84;1,22;;;
ven. 29 avril 2022 - 17:43;Retour boulot;5,33;22m 25s;1345;14,28;27,27;25,00;24,49;19,21;;;;;;;;;;;3,68;2,72;2,24;0,44;;
ven. 29 avril 2022 - 07:46;Aller boulot;5,27;14m 46s;886;21,40;29,03;28,13;25,71;22,58;;;;;;;;;;;2,88;1,64;1,44;0,18;;
jeu. 28 avril 2022 - 17:51;Retour boulot;5,33;14m 43s;883;21,72;31,03;30,00;29,51;23,26;;;;;;;;;;;2,88;2,24;1,56;0,37;;
jeu. 28 avril 2022 - 12:19;Sortie à vélo le midi;3,85;02h 01m 58s;7318;1,90;33,33;29,51;26,87;;;;;;1,09;1,09;1,76;;;;4,80;3,76;1,70;;;
jeu. 28 avril 2022 - 07:31;Aller boulot;5,26;14m 43s;883;21,44;28,13;26,87;25,00;22,56;;;;;;;;;;;3,28;1,68;1,28;0,28;;
mer. 27 avril 2022 - 18:21;Retour boulot;5,26;14m 47s;887;21,36;29,03;29,03;27,48;22,33;;;;;;;;;;;4,72;2,36;1,98;0,64;;
mer. 27 avril 2022 - 07:29;Aller boulot;6,46;17m 59s;1079;21,55;34,62;30,00;26,47;23,08;;;;;;;;;;;6,00;3,64;1,94;0,51;;
mar. 26 avril 2022 - 17:59;Retour boulot;6,50;20m 49s;1249;18,73;32,14;29,51;27,07;20,86;;;;;;;;;;;6,96;6,84;4,60;1,13;;
mar. 26 avril 2022 - 07:47;Aller boulot;5,24;14m 51s;891;21,15;31,03;29,51;26,09;22,50;;;;;;;;;;;2,72;2,56;1,56;0,29;;
lun. 25 avril 2022 - 18:09;Retour boulot;5,72;28m 54s;1734;11,87;24,32;23,08;21,95;16,82;;;;;;;;;;;4,08;2,96;2,26;0,71;;
lun. 25 avril 2022 - 07:37;Aller boulot;5,25;16m 05s;965;19,59;27,27;25,35;23,53;21,87;;;;;;;;;;;4,72;2,40;1,94;0,22;;
ven. 22 avril 2022 - 18:05;Retour boulot;5,27;17m 22s;1042;18,19;26,47;23,68;22,78;19,01;;;;;;;;;;;3,04;1,84;1,66;0,08;;
ven. 22 avril 2022 - 13:27;Sortie à vélo l'après-midi;4,36;21m 31s;1291;12,16;26,47;25,35;23,84;;;;;;;;;;;;8,56;7,16;3,14;;;
ven. 22 avril 2022 - 12:04;Sortie à vélo le midi;3,54;11m 25s;685;18,59;28,13;25,71;24,00;;;;;;;;;;;;4,32;3,16;0,26;;;
ven. 22 avril 2022 - 08:02;Aller boulot;5,25;15m 12s;912;20,74;33,33;32,14;28,80;21,87;;;;;;;;;;;3,68;2,60;1,92;0,46;;
jeu. 21 avril 2022 - 18:35;Retour boulot;5,00;38m 29s;2309;7,80;31,03;29,03;27,07;7,83;;;;;8,37;;;;;;12,56;9,68;1,28;;;
jeu. 21 avril 2022 - 08:11;Aller boulot;5,23;17m 04s;1024;18,40;31,03;27,27;26,28;19,31;;;;;;;;;;;3,52;2,08;1,36;0,32;;
mer. 20 avril 2022 - 17:59;Retour boulot;6,42;24m 20s;1460;15,83;30,00;29,51;27,69;19,93;;;;;;;;;;;10,64;5,32;2,70;0,31;;
mer. 20 avril 2022 - 08:11;Aller boulot;5,24;16m 10s;970;19,44;28,13;25,35;24,49;20,39;;;;;;;;;;;3,36;2,28;1,22;0,01;;
mar. 19 avril 2022 - 18:14;Retour boulot;5,33;15m 46s;946;20,29;29,03;27,69;27,07;21,48;;;;;;;;;;;6,08;4,56;3,30;0,88;;
mar. 19 avril 2022 - 07:51;Aller boulot;5,23;16m 21s;981;19,20;26,47;25,00;23,53;20,07;;;;;;;;;;;3,12;2,20;1,88;0,32;;
lun. 18 avril 2022 - 09:05;Thorigné - Mauron;60,61;02h 25m 36s;8736;24,98;45,00;41,86;36,73;30,77;28,35;27,37;25,00;;27,72;26,67;25,00;;;;5,68;4,20;3,86;1,21;0,74;0,43
jeu. 14 avril 2022 - 17:58;Retour boulot;5,30;14m 45s;885;21,58;32,14;30,51;29,75;23,08;;;;;;;;;;;3,92;2,52;1,84;0,23;;
jeu. 14 avril 2022 - 08:17;Aller boulot;5,27;14m 55s;895;21,18;29,03;27,69;26,47;22,22;;;;;;;;;;;2,48;1,44;0,96;;;
mer. 13 avril 2022 - 17:44;Retour boulot;5,27;14m 04s;844;22,48;30,00;28,13;27,07;23,78;;;;;;;;;;;4,00;2,24;1,62;0,54;;
mer. 13 avril 2022 - 08:18;Aller boulot;5,29;15m 23s;923;20,62;34,62;32,73;27,91;21,58;;;;;;;;;;;2,56;1,56;1,34;;;
mar. 12 avril 2022 - 18:18;Retour boulot;5,29;14m 46s;886;21,48;32,14;29,51;28,13;22,87;;;;;;;;;;;3,28;2,24;1,58;0,44;;
mar. 12 avril 2022 - 12:21;Sortie à vélo le midi;5,29;01h 42m 30s;6150;3,09;26,47;22,50;21,69;2,99;;;;;1,70;1,70;;;;;6,40;4,16;2,72;0,03;;
mar. 12 avril 2022 - 08:03;Aller boulot;5,23;17m 01s;1021;18,44;25,71;23,38;21,56;19,27;;;;;;;;;;;2,16;2,00;1,60;0,28;;
lun. 11 avril 2022 - 18:13;Retour boulot;5,54;31m 37s;1897;10,51;30,00;28,57;27,48;21,84;;;;;11,00;;;;;;3,12;2,16;1,64;0,35;;
lun. 11 avril 2022 - 07:56;Aller boulot;5,24;16m 36s;996;18,94;27,27;26,09;23,68;20,36;;;;;;;;;;;2,72;2,08;1,78;0,20;;
dim. 10 avril 2022 - 10:05;Vélo du matin;39,56;02h 23m 04s;8584;16,59;36,00;33,96;30,51;22,84;19,78;18,61;;;19,89;18,45;16,20;;;;10,48;7,92;3,88;1,23;0,61;0,28
sam. 09 avril 2022 - 13:30;Aller retour Décathlon;12,37;53m 05s;3185;13,98;36,00;34,62;31,86;26,67;13,17;;;;10,58;;;;;;8,88;4,28;3,30;1,09;;
jeu. 07 avril 2022 - 07:31;Aller boulot;5,27;18m 19s;1099;17,28;22,50;21,95;21,56;18,58;;;;;;;;;;;3,12;2,80;1,86;0,28;;
mer. 06 avril 2022 - 18:21;Retour boulot;5,28;13m 40s;820;23,20;40,91;36,73;34,95;25,53;;;;;;;;;;;3,92;2,84;2,16;0,36;;
mer. 06 avril 2022 - 07:51;Aller boulot;5,28;16m 39s;999;19,02;30,00;28,13;24,83;20,02;;;;;;;;;;;3,36;2,60;1,58;0,42;;
mar. 05 avril 2022 - 17:53;Retour boulot;7,13;27m 53s;1673;15,33;27,27;25,35;23,53;16,27;;;;;;;;;;;8,08;5,56;4,18;1,30;;
mar. 05 avril 2022 - 08:03;Aller boulot;5,24;15m 11s;911;20,71;34,62;32,73;29,27;21,98;;;;;;;;;;;2,24;1,80;1,42;;;
lun. 04 avril 2022 - 18:05;Retour boulot;5,30;15m 46s;946;20,17;32,14;31,03;30,00;21,56;;;;;;;;;;;3,84;3,20;2,96;0,88;;
lun. 04 avril 2022 - 07:41;Aller boulot;5,26;15m 32s;932;20,32;27,27;25,71;23,53;21,74;;;;;;;;;;;2,96;1,80;1,20;;;
ven. 01 avril 2022 - 17:20;Retour boulot;5,42;26m 12s;1572;12,42;28,13;26,47;23,84;20,02;;;;;;;;;;;4,16;3,36;2,98;0,68;;
ven. 01 avril 2022 - 07:59;Aller boulot;5,26;15m 15s;915;20,70;30,00;28,13;27,07;22,61;;;;;;;;;;;3,60;2,68;2,00;0,40;;
jeu. 31 mars 2022 - 17:58;Retour boulot;5,58;28m 56s;1736;11,56;22,50;21,18;18,46;11,67;;;;;;;;;;;5,04;4,32;2,96;0,59;;
jeu. 31 mars 2022 - 07:33;Aller boulot;5,23;14m 29s;869;21,68;29,03;27,69;26,09;22,93;;;;;;;;;;;2,96;2,24;1,74;0,23;;
mer. 30 mars 2022 - 18:11;Retour boulot;5,31;18m 20s;1100;17,37;28,13;26,09;23,08;18,40;;;;;;;;;;;3,60;2,56;2,20;0,84;;
mer. 30 mars 2022 - 07:32;Aller boulot;5,23;13m 56s;836;22,52;30,00;29,03;26,87;23,72;;;;;;;;;;;3,20;1,96;1,54;0,19;;
mar. 29 mars 2022 - 17:55;Retour boulot;6,62;19m 05s;1145;20,80;33,33;32,73;31,86;23,72;;;;;;;;;;;10,16;6,92;4,74;1,21;;
mar. 29 mars 2022 - 07:32;Aller boulot;5,26;15m 22s;922;20,52;30,00;28,13;25,17;21,61;;;;;;;;;;;4,24;2,68;1,34;0,40;;
lun. 28 mars 2022 - 18:09;Retour boulot;5,33;16m 22s;982;19,56;30,00;29,03;27,69;23,38;;;;;;;;;;;3,76;2,80;1,88;0,59;;
lun. 28 mars 2022 - 08:03;Aller boulot;5,23;14m 32s;872;21,60;31,03;29,03;26,47;23,90;;;;;;;;;;;2,80;2,00;1,84;0,39;;
dim. 27 mars 2022 - 09:25;☀️Petite sortie avec Clément;26,95;02h 03m 30s;7410;13,10;25,71;24,00;23,53;17,26;14,93;13,00;;;14,52;13,89;13,11;;;;7,92;4,24;2,78;0,77;0,34;0,13
sam. 26 mars 2022 - 15:12;Sortie à vélo l'après-midi;11,21;42m 11s;2531;15,95;42,86;42,86;41,38;28,30;16,26;;;;15,08;;;;;;5,36;3,96;2,22;0,71;0,09;
ven. 25 mars 2022 - 17:46;Retour boulot;5,33;16m 06s;966;19,87;28,13;27,69;26,28;21,08;;;;;;;;;;;3,60;2,28;1,48;0,41;;
ven. 25 mars 2022 - 09:05;Aller boulot;12,28;53m 36s;3216;13,75;36,00;30,51;27,07;20,83;16,80;;;;16,83;;;;;;5,68;3,88;2,34;0,67;;
jeu. 24 mars 2022 - 18:11;Retour boulot;5,32;19m 32s;1172;16,35;25,71;23,08;21,82;16,93;;;;;;;;;;;5,04;2,64;2,22;0,63;;
jeu. 24 mars 2022 - 07:30;Aller boulot;5,24;15m 40s;940;20,05;28,13;26,47;24,16;21,05;;;;;;;;;;;3,20;2,32;1,88;0,44;;
mer. 23 mars 2022 - 22:50;Sortie à vélo nocturne;8,92;25m 49s;1549;20,73;31,03;29,03;27,48;22,81;;;;;;;;;;;7,36;5,80;5,46;1,96;;
mer. 23 mars 2022 - 19:17;Sortie à vélo le soir;9,39;24m 42s;1482;22,81;34,62;30,51;27,69;24,93;;;;;;;;;;;2,56;2,16;1,42;0,36;;
mer. 23 mars 2022 - 17:47;Retour boulot;5,32;15m 49s;949;20,19;29,03;28,13;27,07;21,45;;;;;;;;;;;4,16;2,56;1,94;0,88;;
mer. 23 mars 2022 - 07:53;Aller boulot;5,27;15m 47s;947;20,02;33,33;31,58;29,75;22,25;;;;;;;;;;;2,80;1,56;1,08;;;
mar. 22 mars 2022 - 17:55;Retour boulot;6,45;18m 41s;1121;20,71;31,03;29,51;29,27;22,84;;;;;;;;;;;5,52;5,08;3,72;0,89;;
mar. 22 mars 2022 - 07:41;Aller boulot;5,24;13m 45s;825;22,85;33,33;31,03;28,80;24,19;;;;;;;;;;;2,56;2,16;1,78;0,44;;
lun. 21 mars 2022 - 17:52;Retour boulot;5,24;14m 18s;858;22,00;30,00;29,51;27,48;23,41;;;;;;;;;;;2,72;2,32;2,18;0,60;;
lun. 21 mars 2022 - 12:47;Sortie à vélo le midi;5,26;13m 51s;831;22,77;32,14;29,03;27,07;24,59;;;;;;;;;;;3,76;2,32;0,84;0,08;;
lun. 21 mars 2022 - 11:55;Sortie à vélo le midi;5,25;13m 40s;820;23,04;30,00;29,51;29,03;24,26;;;;;;;;;;;2,80;2,08;1,96;0,20;;
lun. 21 mars 2022 - 07:40;Aller boulot;4,99;15m 10s;910;19,76;29,03;27,27;24,66;;;;;;;;;;;;2,88;1,68;1,08;;;
ven. 18 mars 2022 - 13:07;Retour boulot;5,27;21m 02s;1262;15,02;24,32;23,08;21,43;15,82;;;;;;;;;;;4,96;3,40;2,64;0,63;;
ven. 18 mars 2022 - 07:34;Aller boulot;5,23;15m 04s;904;20,83;33,33;30,51;29,03;23,11;;;;;;;;;;;2,80;2,36;1,76;0,46;;
jeu. 17 mars 2022 - 19:01;Retour boulot;4,06;19m 53s;1193;12,25;25,00;22,78;20,69;;;;;;;;;;;;5,12;4,04;2,96;;;
jeu. 17 mars 2022 - 18:03;Retour boulot;1,41;05m 37s;337;15,07;28,13;24,00;19,46;;;;;;;;;;;;6,08;2,72;2,26;;;
jeu. 17 mars 2022 - 07:28;Aller boulot;6,68;19m 43s;1183;20,34;31,03;30,00;29,03;25,64;;;;;;;;;;;3,84;2,48;2,04;0,50;;
mer. 16 mars 2022 - 18:06;Retour boulot;5,27;15m 59s;959;19,78;28,13;26,87;25,71;20,86;;;;;;;;;;;3,68;1,76;1,42;0,05;;
mer. 16 mars 2022 - 08:01;Aller boulot;5,23;13m 35s;815;23,09;32,14;30,51;28,35;24,29;;;;;;;;;;;2,16;1,64;1,16;0,04;;
mar. 15 mars 2022 - 17:32;Retour boulot;5,26;14m 12s;852;22,24;33,33;31,58;30,77;23,81;;;;;;;;;;;3,28;2,44;1,78;0,39;;
mar. 15 mars 2022 - 07:40;Aller boulot;6,17;17m 52s;1072;20,71;34,62;32,73;29,75;22,73;;;;;;;;;;;5,04;3,48;1,32;0,08;;
lun. 14 mars 2022 - 18:00;Retour boulot;5,30;15m 39s;939;20,33;30,00;29,51;29,03;21,61;;;;;;;;;;;3,20;2,64;2,30;0,62;;
lun. 14 mars 2022 - 07:48;Aller boulot;5,27;16m 31s;991;19,14;29,03;28,13;25,17;21,30;;;;;;;;;;;2,96;2,24;1,62;0,30;;
sam. 12 mars 2022 - 14:24;Sortie à vélo l'après-midi;52,83;03h 48m 09s;13689;13,89;37,50;33,33;32,14;25,53;23,76;18,64;13,75;;22,15;19,11;15,57;13,68;;;11,04;7,64;3,86;1,13;0,55;0,25
jeu. 10 mars 2022 - 17:56;Retour boulot;5,46;25m 49s;1549;12,70;29,03;26,47;20,34;13,33;;;;;;;;;;;3,68;2,68;1,96;0,74;;
jeu. 10 mars 2022 - 07:30;Aller boulot boulot;5,25;15m 27s;927;20,39;27,27;26,09;24,00;21,77;;;;;;;;;;;2,80;1,88;1,48;0,30;;
mer. 09 mars 2022 - 17:52;Retour boulot;5,33;13m 51s;831;23,10;33,33;31,58;31,03;24,59;;;;;;;;;;;3,04;2,08;1,52;0,08;;
mer. 09 mars 2022 - 07:31;Aller boulot;5,18;17m 00s;1020;18,29;25,71;25,00;23,84;21,84;;;;;;;;;;;4,56;2,36;1,96;0,63;;
mar. 08 mars 2022 - 17:58;Retour boulot;5,45;27m 55s;1675;11,72;32,14;30,00;28,35;23,38;;;;;;;;;;;2,80;2,20;1,88;;;
mar. 08 mars 2022 - 07:33;Aller boulot;5,26;15m 28s;928;20,40;28,13;26,87;25,00;21,95;;;;;;;;;;;3,04;2,52;2,08;0,29;;
lun. 07 mars 2022 - 17:45;Retour boulot;5,36;17m 50s;1070;18,04;26,47;26,09;25,00;20,74;;;;;;;;;;;4,32;3,56;2,66;0,80;;
lun. 07 mars 2022 - 07:41;Retour boulot;5,26;15m 04s;904;20,93;26,47;25,35;23,68;22,06;;;;;;;;;;;4,64;2,40;1,90;0,60;;
sam. 05 mars 2022 - 14:01;Sortie à vélo l'après-midi;40,98;03h 00m 15s;10815;13,64;50,00;45,00;33,33;18,67;16,07;13,94;;;17,03;14,75;13,82;13,66;;;10,80;7,52;4,30;1,08;0,44;0,22
ven. 04 mars 2022 - 15:50;Sortie à vélo l'après-midi;12,34;01h 22m 50s;4970;8,94;31,03;29,03;26,47;22,93;8,08;;;;5,68;5,68;;;;;4,96;2,80;2,70;1,06;0,09;
ven. 04 mars 2022 - 13:58;Sortie à vélo l'après-midi;5,53;27m 09s;1629;12,23;28,13;27,27;25,53;12,30;;;;;;;;;;;10,80;5,88;2,14;0,12;;
ven. 04 mars 2022 - 12:20;Sortie à vélo le midi;2,52;09m 24s;564;16,06;28,13;24,32;21,56;;;;;;;;;;;;7,92;7,48;4,56;;;
ven. 04 mars 2022 - 09:55;Vélo du matin;6,34;17m 58s;1078;21,16;29,03;28,13;24,16;22,39;;;;;;;;;;;3,20;2,48;1,56;0,46;;
jeu. 03 mars 2022 - 18:17;Retour boulot;5,30;18m 21s;1101;17,33;33,33;30,51;27,07;19,40;;;;;;;;;;;6,00;2,04;1,60;;;
jeu. 03 mars 2022 - 07:42;Aller boulot;5,25;17m 11s;1031;18,34;25,71;23,68;21,95;19,57;;;;;;;;;;;2,64;2,12;1,52;0,18;;
mer. 02 mars 2022 - 18:09;Retour boulot;5,25;17m 05s;1025;18,42;31,03;29,51;27,91;21,40;;;;;;;;;;;7,20;2,76;2,08;0,44;;
mer. 02 mars 2022 - 07:32;Aller boulot;5,23;14m 55s;895;21,05;31,03;30,51;27,07;22,53;;;;;;;;;;;2,64;1,52;1,22;;;
mar. 01 mars 2022 - 18:22;Retour boulot;5,43;23m 15s;1395;14,01;32,14;29,03;25,35;14,45;;;;;;;;;;;2,56;2,20;1,54;0,54;;
mar. 01 mars 2022 - 07:31;Aller boulot;5,26;15m 44s;944;20,05;26,47;25,71;24,66;21,33;;;;;;;;;;;2,40;1,96;1,42;0,21;;
lun. 28 février 2022 - 17:50;Retour boulot;4,57;16m 43s;1003;16,39;30,00;29,51;27,69;;;;;;;;;;;;4,08;2,56;1,76;;;
lun. 28 février 2022 - 07:34;Aller boulot;5,37;17m 54s;1074;18,00;26,47;24,66;22,50;20,04;;;;;;;;;;;4,40;2,40;1,72;0,50;;
ven. 25 février 2022 - 17:43;Retour boulot;7,44;29m 14s;1754;15,27;29,03;27,69;26,47;21,38;;;;;;;;;;;8,96;4,72;2,40;0,48;;
ven. 25 février 2022 - 09:49;Aller boulot;6,58;19m 21s;1161;20,41;28,13;26,87;25,17;21,03;;;;;;;;;;;2,80;2,20;1,48;0,17;;
jeu. 24 février 2022 - 18:11;Retour boulot;5,23;14m 18s;858;21,93;33,33;31,58;30,77;23,20;;;;;;;;;;;4,96;3,32;2,70;0,24;;
jeu. 24 février 2022 - 07:31;Aller boulot;5,27;20m 51s;1251;15,16;26,47;25,71;24,32;21,58;;;;;;;;;;;3,44;2,20;1,64;0,06;;
mer. 23 février 2022 - 13:08;Retour boulot;4,75;13m 40s;820;20,84;36,00;34,62;32,43;;;;;;;;;;;;6,16;4,28;3,10;;;
mer. 23 février 2022 - 07:30;Aller boulot;5,29;14m 53s;893;21,31;29,03;27,27;25,17;22,67;;;;;;;;;;;3,12;1,72;1,06;;;
mar. 22 février 2022 - 18:07;Retour boulot;5,19;13m 58s;838;22,29;36,00;33,96;32,73;23,65;;;;;;;;;;;3,68;2,76;2,34;0,12;;
mar. 22 février 2022 - 07:31;Aller boulot;5,26;16m 33s;993;19,07;25,71;24,32;22,50;20,32;;;;;;;;;;;2,64;2,12;1,64;0,34;;
lun. 21 février 2022 - 18:03;Retour boulot;6,54;01h 13m 54s;4434;5,31;42,86;34,62;25,71;15,79;;;;;11,07;6,29;;;;;4,40;3,16;2,48;0,64;;
lun. 21 février 2022 - 07:32;Vélo du matin;4,96;17m 46s;1066;16,75;26,47;25,71;22,93;;;;;;;;;;;;2,72;2,00;1,36;;;
ven. 18 février 2022 - 17:49;Retour boulot;5,40;13m 43s;823;23,64;32,14;31,58;30,77;25,21;;;;;;;;;;;5,12;3,68;2,70;0,72;;
ven. 18 février 2022 - 08:12;Aller boulot;5,21;18m 47s;1127;16,63;27,27;24,66;22,09;17,65;;;;;;;;;;;3,76;2,68;1,10;0,09;;
mer. 16 février 2022 - 16:08;Retour boulot;5,25;14m 42s;882;21,43;32,14;30,51;29,27;22,96;;;;;;;;;;;3,04;2,24;1,66;0,24;;
mer. 16 février 2022 - 08:07;Aller boulot;5,26;15m 25s;925;20,48;29,03;28,13;26,67;21,51;;;;;;;;;;;4,32;3,16;1,28;0,19;;
mar. 15 février 2022 - 17:41;Retour boulot;5,29;15m 55s;955;19,95;32,14;30,51;29,03;21,92;;;;;;;;;;;4,08;2,68;2,10;;;
mar. 15 février 2022 - 12:16;Sortie à vélo le midi;9,86;01h 39m 34s;5974;5,94;34,62;31,03;25,90;3,82;;;;;9,85;4,93;;;;;4,80;3,60;2,82;1,01;;
mar. 15 février 2022 - 07:54;Aller boulot;5,27;15m 09s;909;20,86;33,33;31,58;30,00;23,35;;;;;;;;;;;2,64;2,20;1,74;0,08;;
lun. 14 février 2022 - 18:20;Retour boulot;5,26;16m 31s;991;19,12;32,14;31,03;30,00;23,05;;;;;;;;;;;3,28;2,60;2,30;0,63;;
lun. 14 février 2022 - 07:59;Aller boulot;4,86;16m 03s;963;18,16;28,13;25,71;24,49;;;;;;;;;;;;2,96;1,60;1,20;;;
jeu. 10 février 2022 - 18:02;Retour boulot;3,01;09m 23s;563;19,24;25,71;25,00;24,49;;;;;;;;;;;;3,20;3,00;2,50;;;
jeu. 10 février 2022 - 07:30;Aller boulot;5,25;16m 31s;991;19,05;27,27;26,09;23,84;20,39;;;;;;;;;;;2,80;1,84;1,12;;;
mer. 09 février 2022 - 17:57;Retour boulot;5,42;25m 41s;1541;12,67;27,27;23,68;20,93;12,99;;;;;;;;;;;3,12;2,56;1,62;0,63;;
mer. 09 février 2022 - 07:31;Aller boulot;5,28;17m 59s;1079;17,60;25,00;23,68;22,50;20,59;;;;;;;;;;;2,56;2,04;1,60;;;
mar. 08 février 2022 - 17:52;Retour boulot;5,29;16m 20s;980;19,45;29,03;26,87;25,71;21,10;;;;;;;;;;;3,36;2,84;2,34;0,63;;
mar. 08 février 2022 - 07:31;Aller boulot;5,30;17m 58s;1078;17,70;26,47;25,00;23,23;20,81;;;;;;;;;;;2,80;1,68;1,18;;;
lun. 07 février 2022 - 18:07;Retour boulot;5,34;19m 45s;1185;16,22;33,33;31,58;27,48;17,49;;;;;;;;;;;3,28;2,20;1,62;0,51;;
lun. 07 février 2022 - 08:04;Aller boulot;5,29;14m 47s;887;21,45;34,62;33,33;29,75;22,96;;;;;;;;;;;2,64;1,92;1,54;0,03;;
ven. 04 février 2022 - 17:35;Retour boulot;5,39;15m 49s;949;20,43;34,62;32,14;30,25;21,90;;;;;;;;;;;3,84;2,44;1,90;0,28;;
ven. 04 février 2022 - 09:43;Aller boulot;6,44;20m 12s;1212;19,12;26,47;24,66;22,50;20,32;;;;;;;;;;;3,92;2,44;1,98;0,27;;
jeu. 03 février 2022 - 17:56;Retour boulot;5,62;19m 40s;1180;17,14;33,33;31,58;31,03;17,54;;;;;;;;;;;3,04;2,20;1,60;0,40;;
jeu. 03 février 2022 - 07:31;Aller boulot;5,32;17m 12s;1032;18,55;28,13;26,09;24,16;19,65;;;;;;;;;;;3,92;3,60;3,14;0,88;;
mer. 02 février 2022 - 18:38;Retour boulot;5,28;14m 38s;878;21,66;39,13;36,73;31,86;23,17;;;;;;;;;;;3,20;2,36;2,20;0,36;;
mer. 02 février 2022 - 07:33;Aller boulot;5,25;15m 49s;949;19,91;30,00;26,87;24,49;21,33;;;;;;;;;;;3,04;2,36;1,34;0,21;;
mar. 01 février 2022 - 18:22;Retour boulot;5,29;14m 46s;886;21,49;31,03;31,03;29,27;22,81;;;;;;;;;;;3,04;2,52;2,20;0,44;;
mar. 01 février 2022 - 07:32;Aller boulot;5,25;15m 54s;954;19,81;25,71;24,66;23,53;20,93;;;;;;;;;;;2,96;1,92;1,20;;;
lun. 31 janvier 2022 - 17:47;Retour boulot;5,46;19m 33s;1173;16,75;28,13;26,09;25,90;18,33;;;;;;;;;;;3,76;2,60;2,00;0,52;;
lun. 31 janvier 2022 - 11:57;Sortie à vélo le midi;2,82;11m 43s;703;14,47;34,62;31,58;22,93;;;;;;;;;;;;2,96;2,76;2,06;;;
lun. 31 janvier 2022 - 07:45;Aller boulot;5,28;16m 27s;987;19,27;29,03;27,69;25,90;20,71;;;;;;;;;;;3,12;2,24;1,56;0,36;;
dim. 30 janvier 2022 - 10:25;Vélo du matin;30,76;02h 45m 10s;9910;11,17;40,91;37,50;33,33;24,56;13,29;12,77;;;14,27;13,28;11,79;;;;5,76;4,40;2,26;0,60;0,41;0,19
ven. 28 janvier 2022 - 17:24;Retour boulot;5,35;18m 50s;1130;17,04;31,03;29,51;27,91;18,02;;;;;;;;;;;4,24;3,56;2,24;0,31;;
ven. 28 janvier 2022 - 09:37;Aller boulot;6,49;18m 30s;1110;21,05;32,14;29,51;26,28;23,17;;;;;;;;;;;2,56;2,04;1,24;0,01;;
jeu. 27 janvier 2022 - 17:57;Retour boulot;5,30;17m 08s;1028;18,56;33,33;31,58;30,77;20,43;;;;;;;;;;;3,68;3,12;1,88;0,24;;
jeu. 27 janvier 2022 - 07:32;Aller boulot;5,26;16m 49s;1009;18,78;28,13;26,47;24,66;22,06;;;;;;;;;;;3,60;1,64;1,24;0,25;;
mer. 26 janvier 2022 - 18:07;Retour boulot;5,38;17m 34s;1054;18,38;31,03;30,51;29,51;19,29;;;;;;;;;;;3,84;2,96;1,84;0,27;;
mer. 26 janvier 2022 - 07:31;Aller boulot;5,24;15m 38s;938;20,12;29,03;28,13;25,71;22,87;;;;;;;;;;;2,56;1,76;1,44;0,23;;
mar. 25 janvier 2022 - 17:38;Retour boulot;5,25;14m 05s;845;22,38;31,03;30,51;29,75;23,87;;;;;;;;;;;3,12;2,72;2,48;0,77;;
mar. 25 janvier 2022 - 07:31;Aller boulot;5,25;15m 34s;934;20,24;29,03;29,03;25,90;21,71;;;;;;;;;;;2,88;1,68;1,24;;;
lun. 24 janvier 2022 - 18:08;Retour boulot;5,41;23m 54s;1434;13,58;33,33;29,51;26,28;14,23;;;;;;;;;;;3,92;2,56;2,02;0,46;;
lun. 24 janvier 2022 - 07:32;Aller boulot;5,43;21m 34s;1294;15,10;31,03;28,57;26,28;16,10;;;;;;;;;;;2,64;2,00;1,62;0,18;;
jeu. 20 janvier 2022 - 18:13;Retour boulot;5,27;15m 36s;936;20,28;27,27;26,87;25,90;21,63;;;;;;;;;;;3,12;2,84;2,30;0,68;;
jeu. 20 janvier 2022 - 07:33;Aller boulot;5,25;16m 30s;990;19,08;29,03;27,69;25,00;21,15;;;;;;;;;;;3,04;2,24;1,84;0,39;;
jeu. 13 janvier 2022 - 18:09;Retour boulot;5,26;15m 39s;939;20,17;32,14;31,03;29,03;21,48;;;;;;;;;;;3,68;2,80;2,18;0,71;;
jeu. 13 janvier 2022 - 07:57;Aller boulot;5,25;14m 30s;870;21,73;33,33;31,03;27,48;23,11;;;;;;;;;;;4,08;2,24;1,62;;;
mer. 12 janvier 2022 - 17:52;Retour boulot;5,30;14m 56s;896;21,28;29,03;28,57;26,47;22,50;;;;;;;;;;;4,16;2,36;1,88;0,30;;
mer. 12 janvier 2022 - 07:32;Aller boulot;5,25;14m 00s;840;22,49;34,62;31,58;28,35;23,90;;;;;;;;;;;2,56;1,44;1,04;;;
mar. 11 janvier 2022 - 18:38;Retour boulot;5,36;14m 41s;881;21,89;34,62;30,51;29,03;23,72;;;;;;;;;;;3,28;2,28;2,14;0,50;;
mar. 11 janvier 2022 - 08:35;Vélo du matin;3,82;15m 15s;915;15,04;28,13;27,69;25,71;;;;;;;;;;;;3,36;2,44;2,04;;;
mar. 11 janvier 2022 - 07:32;Aller boulot;5,25;15m 29s;929;20,35;27,27;25,71;24,00;21,51;;;;;;;;;;;2,72;1,60;1,26;0,08;;
lun. 10 janvier 2022 - 17:59;Retour boulot;5,72;24m 29s;1469;14,01;25,71;24,32;22,93;16,03;;;;;;;;;;;4,32;3,36;1,42;0,50;;
lun. 10 janvier 2022 - 07:29;Aller boulot;5,01;14m 26s;866;20,84;33,33;31,03;27,48;22,90;;;;;;;;;;;1,76;1,36;1,02;0,07;;
ven. 07 janvier 2022 - 13:15;Sortie à vélo l'après-midi;4,07;11m 13s;673;21,78;34,62;32,73;30,77;;;;;;;;;;;;2,88;2,12;1,16;;;
ven. 07 janvier 2022 - 12:23;Sortie à vélo le midi;4,03;11m 45s;705;20,59;28,13;27,27;24,66;;;;;;;;;;;;2,88;2,16;1,52;;;
jeu. 06 janvier 2022 - 18:02;Retour boulot;5,32;20m 06s;1206;15,89;29,03;28,13;26,09;16,62;;;;;;;;;;;3,92;2,36;2,14;0,52;;
jeu. 06 janvier 2022 - 07:32;Aller boulot;5,27;16m 06s;966;19,64;29,03;28,13;25,53;21,98;;;;;;;;;;;2,72;2,20;1,64;0,27;;
mer. 05 janvier 2022 - 18:47;Retour boulot;5,33;15m 18s;918;20,89;34,62;32,14;27,91;22,25;;;;;;;;;;;3,04;2,68;2,38;0,69;;
mer. 05 janvier 2022 - 07:31;Aller boulot;5,30;15m 57s;957;19,93;29,03;27,27;25,00;21,15;;;;;;;;;;;2,56;1,88;1,30;0,19;;
mar. 04 janvier 2022 - 18:04;Retour boulot;5,29;16m 08s;968;19,67;29,03;28,13;27,07;21,69;;;;;;;;;;;3,04;2,68;2,26;0,40;;
mar. 04 janvier 2022 - 07:33;Aller boulot;5,28;16m 46s;1006;18,88;26,47;25,35;22,78;19,98;;;;;;;;;;;4,24;2,32;1,48;0,14;;
lun. 03 janvier 2022 - 18:00;Retour boulot;5,29;16m 51s;1011;18,85;32,14;30,51;28,35;21,77;;;;;;;;;;;3,36;2,00;1,52;0,12;;
lun. 03 janvier 2022 - 07:33;Aller boulot;5,27;16m 46s;1006;18,87;26,47;25,35;22,78;19,96;;;;;;;;;;;2,84;1,66;1,03;;;
;;=SOMME($C2:$C336);;=SOMME($E2:$E336);=MAX($F2:$F336);=MAX($G2:$G336);=MAX($H2:$H336);=MAX($I2:$I336);=MAX($J2:$J336);=MAX($K2:$K336);=MAX($L2:$L336);=MAX($M2:$M336);=MAX($N2:$N336);=MAX($O2:$O336);=MAX($P2:$P336);=MAX($Q2:$Q336);=MAX($R2:$R336);=MAX($S2:$S336);=MAX($T2:$T336);=MAX($U2:$U336);=MAX($V2:$V336);=MAX($W2:$W336);=MAX($X2:$X336);=MAX($Y2:$Y336);=MAX($Z2:$Z336)
